03005b00	0
03005cd8	1
03005cda	1
03005d78	1
03005da0	1
03005dd4	1
03005dec	1
03005e02	1
03005e18	1
03005e2c	1
03005e60	1
03005e6a	1
03005e80	1
03005eba	1
03005ef0	1
03005f34	1
03005f56	1
03005f78	1
03006028	1
030061e8	1
0300631c	1
0300638c	1
03006440	1
03006730	1
03006792	1
03006814	1
030068e8	1
03006920	1
03006b94	1
03006c38	1
03006c3c	1
03006c72	1
03006c8e	1
03006ca8	1
03006cd0	1
03006da4	1
03006dc8	1
03006e1c	1
03006e7c	1
03006e98	1
03006f20	1
03006f24	1
03006f42	1
03006f48	1
03006f5c	0
03006f5c	1
03006f70	0
03006f70	1
03006f74	0
03006f74	1
03006f8c	1
03007038	1
030070b4	1
03007550	1
0300777c	1
030078c8	1
030078e0	1
03007958	1
030079a4	1
0800023c	1
080002bc	1
080005ac	1
080005c4	1
080007e8	1
08000822	1
0800084e	1
080008b4	1
080008e0	1
08000920	1
0800092a	1
0800093c	1
08000950	1
0800098c	1
08000aa8	0
08000ac8	1
08000c00	1
08000c5c	1
08001154	1
080014ec	1
080019b0	1
080019b4	1
080019ec	1
08001a10	1
08001a34	1
08001a58	1
08001ab4	1
08001c44	1
08001c52	1
08001c94	1
08001cfc	1
08001d64	1
08001d86	1
08001eae	1
08001ed0	1
08002000	1
08002042	1
0800218c	1
080021ce	1
08002310	1
0800232a	1
08002338	1
080030fc	0
08003114	0
0800312c	0
08003144	0
0800315c	0
08003174	0
08003320	1
08003358	1
080033ac	1
08003458	1
08003694	1
08003914	1
08003a64	1
08003b4c	1
08003b86	1
08003c9c	0
08003ec4	0
080042c8	0
080045c0	1
08004602	1
080047e0	1
080048b2	1
08004b72	1
08004bc8	1
08004c62	1
08004c90	1
08004cae	1
08004cbe	1
080050ec	1
0800510c	0
08005148	1
08005268	1
080052d8	1
08005360	1
0800536e	1
080053e4	1
08005462	1
0800555a	1
080055ce	1
08005642	1
080056b8	1
0800572c	1
080057a0	1
08005814	1
0800585a	1
0800596c	1
08005990	1
080059b4	1
080059d0	1
080059ec	1
08005a00	1
08005a0c	1
08005a28	1
08005a50	1
08006366	1
080063c0	1
0800647c	1
080064be	1
08006518	1
08006580	1
080068e0	1
080068ec	1
08006910	1
08006920	1
08006990	1
08006a5c	1
08006bc0	1
08006bdc	0
08006c22	1
08006cac	0
080073cc	1
080073e2	1
08007424	1
08007450	1
0800748a	1
080074c4	1
080074c6	1
080074c8	1
080074de	1
080074fa	1
0800751c	1
08007838	0
08007850	1
0800794c	1
08007978	1
0800799c	1
080079a8	1
080079d0	1
080079f0	1
08007a0c	1
08007a44	1
08007b80	1
08007b9c	1
08007bd0	1
08007bf0	1
08007c14	1
08007c50	1
08007ca0	1
08007e62	1
08007eb8	1
08007f14	1
08007f2c	1
08007f4e	1
08007fa4	1
08007fd2	1
08008064	1
080080d2	1
080081a4	1
0800825a	1
080082dc	1
0800834a	1
08008364	1
0800838a	1
080083e4	1
0800840c	1
08008452	1
08008492	1
08008528	1
0800855e	1
08008664	1
08008688	1
080086f8	1
08008716	1
0800873a	1
08008764	1
080087d8	1
08008840	1
08008864	1
08008894	1
080088b2	1
080088d6	1
08008900	1
0800898c	1
080089cc	1
08008a7c	1
08008aa0	1
08008b10	1
08008b2e	1
08008b52	1
08008b7c	1
08008bf0	1
08008c58	1
08008c7c	1
08008cac	1
08008cca	1
08008cee	1
08008d18	1
08008d9c	1
08008ddc	1
08008e7c	1
08008ea0	1
08008f10	1
08008f2e	1
08008f52	1
08008f7c	1
08008ff0	1
08009058	1
0800907c	1
080090ac	1
080090ca	1
080090ee	1
08009118	1
08009158	1
080091f0	1
080092a0	1
080092c0	1
080092f0	1
08009314	1
08009338	1
0800938a	1
0800945c	1
08009478	1
080094b6	1
080094da	1
0800951e	1
08009552	1
08009594	1
080095c8	1
0800961c	1
08009658	1
08009734	1
08009754	1
08009784	1
080097a8	1
080097cc	1
0800980e	1
080098bc	1
080098d8	1
08009916	1
0800993a	1
08009966	1
080099a4	1
080099e0	1
08009a88	1
08009aa8	1
08009ad8	1
08009afc	1
08009b20	1
08009bac	1
08009bc8	1
08009c06	1
08009c2a	1
08009c56	1
08009c94	1
08009cd0	1
08009d78	1
08009d98	1
08009dc8	1
08009dec	1
08009e10	1
08009e2c	1
08009e40	1
08009e56	1
08009ee2	1
08009efc	1
08009f3a	1
08009f5e	1
08009f8a	1
0800a03c	1
0800a098	1
0800af34	1
0800b7d0	1
0800b7e8	1
0800b800	1
0800b80c	1
0800b80e	1
0800b916	1
0800b94c	1
0800b97e	1
0800b9b0	1
0800ba8a	1
0800bba8	1
0800bc88	1
0800bd34	1
0800bdb2	1
0800bdd0	1
0800be0c	1
0800be2c	1
0800c998	1
0800cae8	1
0800cba0	1
0800cc72	1
0800cc86	1
0800e2c2	1
0800e2ce	1
0800e4c0	1
0800e4c8	1
0800e500	1
0800e548	1
08010474	1
08010488	1
080104e0	1
0801050c	1
08010820	1
08010a90	1
08010ae4	1
08010b78	1
08010bd0	1
08010bf0	1
08010c06	1
08010c50	1
08010d98	1
08010da2	1
08010dac	1
08010db6	1
08010dc0	1
08010f68	1
08010f6a	1
08010f7a	1
08010f86	1
08010f96	1
08010fac	1
08010fc2	1
08010fd8	1
08011004	1
080111b8	1
080111ca	1
080111dc	1
080111ee	1
08011200	1
08011212	1
08011224	1
08011236	1
08011256	1
080112e0	1
080112ea	1
080112f4	1
080112fe	1
08011308	1
08011312	1
0801131c	1
08011326	1
08011330	1
0801133a	1
08011352	1
08011356	1
0801135a	1
0801135e	1
08011362	1
08011366	1
080113fc	1
0801140e	1
080114d4	1
08011a24	1
08011a26	1
08011a7e	1
08011ada	1
08011af2	1
08011b4a	1
08011ba2	1
08011bd0	1
08011be8	1
08011c00	1
08011c18	1
08011c38	1
08011c5e	1
08011c88	1
08011ca8	1
08011cb4	1
08011cd6	1
08011cf8	1
08011d20	1
08011d38	1
08011d54	1
08011d74	1
08011d9c	1
08011dbc	1
08011ddc	1
08011dfc	1
08011e1c	1
08011e40	1
08011e78	1
08011eac	1
08011ed0	1
08011ef0	1
08011f10	1
08011f44	1
08011f64	1
08011f84	1
08011f8c	1
08011fce	1
08012018	1
08012044	1
0801206e	1
0801208a	1
080120a6	1
080120cc	1
080120d6	1
080120fe	1
08012124	1
08012144	1
0801216e	1
08012194	1
080121bc	1
080121dc	1
080121f8	1
08012210	1
08012228	1
08012240	1
08012258	1
08012278	1
08012292	1
080122aa	1
080122c2	1
080122da	1
080122f2	1
0801230c	1
08012326	1
0801232a	1
0801233c	1
08012346	1
08012350	1
0801235a	1
08012364	1
0801236e	1
08012378	1
08012382	1
0801238c	1
08012396	1
080123a0	1
080123aa	1
080123c8	1
080123d2	1
080123dc	1
080123e6	1
080123f0	1
080123fa	1
08012404	1
0801240e	1
08012418	1
08012422	1
0801242c	1
08012436	1
08012440	1
0801244a	1
0801245a	1
08012464	1
08012484	1
0801248e	1
08012498	1
080124b8	1
080124c2	1
080124cc	1
080124d6	1
080124e0	1
080124ea	1
080124f4	1
080124fe	1
0801251c	1
08012526	1
08012536	1
08012540	1
0801254a	1
08012552	1
0801255c	1
08012572	1
0801257c	1
08012586	1
080125ac	1
080125d0	1
08012608	1
08012612	1
0801261e	1
08012628	1
08012632	1
0801263a	1
08013ca4	1
08013ec0	1
08013ec2	1
08013ecc	1
08013ed6	1
08013ee6	1
08013ef0	1
08013efa	1
08013f04	1
08013f14	1
08013f80	1
08013f82	1
08013f8c	1
08013f96	1
0801429c	1
080142ae	1
08014550	0
080145b4	1
080145b6	1
080145b8	1
080145ba	1
080145bc	1
080145be	1
080145c0	1
080145c2	1
080145d4	1
080145de	1
080145ea	1
080145ec	1
08014606	1
0801462a	1
08014640	1
08014650	1
08014674	1
0801471c	0
0801471e	0
08014720	0
08014722	0
08014724	0
08014726	0
08014728	0
0801472a	1
0801473c	1
08014746	1
08014752	1
08014754	1
08014760	1
08014776	1
0801478c	1
0801479c	1
080147b2	1
0801486c	1
080148cc	1
080148ec	1
08014944	1
0801498e	1
08014a00	1
08014b18	1
08014b98	1
08014bee	1
08014cc0	1
08014d08	1
08014d70	1
08014e08	1
08014f04	1
08014f40	1
08014fa8	1
08015040	1
08015128	1
0801516c	1
080151d4	1
080152c8	1
080153b0	1
080153ec	1
0801544c	1
080154c8	1
080155cc	1
0801562c	1
08015aa6	1
08015c48	1
08016380	1
080163b4	1
0801641a	1
08016460	1
080164c0	1
08016520	1
0801657e	1
080165b8	1
080165c2	1
080165f8	1
0801664e	1
080166ae	1
080166d0	1
08016730	1
08016b02	1
08016b36	1
08016b72	1
08016c4e	1
08016c8a	1
08016c9c	0
08016c9c	1
08016ce8	1
08016d08	1
08016d8c	1
08016e3c	1
08016ed8	0
08016ee0	1
08016f1a	1
08016f56	1
080170c4	1
080170e4	1
08017122	1
080171a6	1
080171cc	1
080171d8	1
08017274	1
080172f0	1
080173f4	1
0801741c	1
0801746e	1
080174aa	1
080174be	1
080174fe	1
080175b8	1
08017688	1
08017768	1
08017888	1
080178b6	1
080178d4	1
08017992	1
08017a38	1
08017cc0	1
08017ce0	1
08017d64	1
08017e0a	1
08017e26	1
08017e44	1
08017f38	1
08017fe6	1
0801802c	1
08018076	1
08018094	1
080180a8	1
080180ec	1
08018138	1
08018154	1
08018186	1
08019b78	0
0801a29a	1
0801a9b8	1
0801aa48	1
0801aac0	1
0801ab40	1
0801bfec	1
0801bfee	1
0801bff8	1
0801c06e	1
0801c078	1
0801c168	1
0801c1d0	1
0801c1ea	1
0801c202	1
0801c368	1
0801c416	1
0801c470	1
0801c4ae	1
0801c4e4	1
0801c576	1
0801c5f4	1
0801c640	1
0801c6ee	1
0801c840	1
0801c906	1
0801c984	1
0801c9a4	1
0801c9e4	1
0801ca0c	1
0801ca28	1
0801ca34	1
0801ca80	1
0801cadc	1
0801cdec	1
0801ce28	1
0801ce6c	1
0801ce92	1
0801ced2	1
0801cefa	1
0801cf0e	1
0801cf3c	1
0801cf9e	1
0801d048	1
0801d1d8	1
0801d1f6	1
0801d2a0	1
0801d2a4	1
0801d450	1
0801d47a	1
0801d514	1
0801d548	1
0801d564	1
0801d590	1
0801d65c	1
0801d71a	1
0801d792	1
0801db54	1
0801db60	1
0801db6c	1
0801db78	1
0801dc60	1
0801dc6e	1
0801dd60	1
0801dd7c	1
0801ddd8	1
0801ddf6	1
0801de1e	1
0801de3c	1
0801de64	1
0801de82	1
0801dfea	1
0801e006	1
0801e022	1
0801e03e	1
0801e060	1
0801e07c	1
0801e0dc	1
0801e10e	1
0801e138	1
0801e144	1
0801e1a4	1
0801e1e4	1
0801e35a	1
0801e376	1
0801e3c4	1
0801e3e4	1
0801e44c	1
0801e468	1
0801e4b0	1
0801e4f4	1
0801e5e0	1
0801e5ec	1
0801e73c	1
0801e748	1
0801e828	1
0801e8cc	1
0801e8ea	1
0801eb00	1
0801eb0c	1
0801eb50	1
0801eb7c	1
0801ebd2	1
0801ebde	1
0801ec2c	1
0801ec38	1
0801ec84	1
0801ec90	1
0801ff18	1
0801ffd6	1
08021d88	0
08021da8	0
0802661c	1
08026622	1
08026650	1
0802665a	1
08026668	1
08026672	1
0802667c	1
0802668a	1
08026694	1
0802669e	1
080266ac	1
080266ba	1
080266de	1
080266e8	1
080266f2	1
08026704	1
0802670e	1
0802671c	1
08026726	1
08026a50	1
08026a6c	1
08026a88	1
08026b04	1
08026bf4	1
08026ccc	1
08026d06	1
08026db0	1
08026dc4	1
08026e4c	1
08026e78	1
08026e98	1
08026ec8	1
08026f1a	1
08026faa	1
08026fc0	1
08027044	1
0802707c	1
080270d0	1
080270ea	1
08027118	1
08027134	1
08027150	1
080271c2	1
080271f8	1
0802721c	1
0802723a	1
0802728c	1
080272b8	1
080272d0	1
08027320	1
08027332	1
08027394	1
080273a4	1
080273cc	1
080273e4	1
080273ec	1
08027406	1
08027434	1
08027458	1
0802750c	1
0802753e	1
08027548	1
08027574	1
08027580	1
0802759e	1
080275d8	1
080275ec	1
08027618	1
08027624	1
08027658	1
08027672	1
080276d6	1
0802770c	1
08027738	1
0802774c	1
0802777c	1
08027796	1
08027806	1
08027834	1
0802790c	1
0802794a	1
08027a58	1
08027a84	1
08027a90	1
08027aae	1
08027ade	1
08027bd0	0
08028284	1
080282ac	1
080282ae	1
080282c2	1
080282d2	1
080282e8	1
08028310	1
08028320	1
08028340	1
08028894	1
080288d0	1
08028904	1
08028938	1
08028968	1
08028ccc	1
08028d3a	1
08028d6c	1
08028dbc	1
08028dd6	1
08028e04	1
08028e30	1
080295c8	1
0802961a	1
0802a2e8	1
0802a30c	1
0802a33e	1
0802a362	1
0802a8a4	1
0802a934	1
0802a974	1
0802a9b4	1
0802a9d0	1
0802abd0	1
0802abf4	1
0802ac10	1
0802ac6e	1
0802ad84	1
0802adfc	1
0802ae14	1
0802ae5c	1
0802ae84	1
0802aeb8	1
0802aed8	1
0802b75c	1
0802b766	1
0802b76c	1
0802b7a0	1
0802b7e0	1
0802b80c	1
0802b8e0	1
0802b920	1
0802b9b8	1
0802b9d4	1
0802bdb4	1
0802bdc0	1
0802bdf0	1
0802be0c	1
0802be36	1
0802be90	1
0802beb4	1
0802bed4	1
0802befc	1
0802bf0c	1
0802bf4c	1
0802bf6c	1
0802c044	1
0802c0a4	1
0802c170	1
0802c1d4	1
0802c1f0	1
0802c218	1
0802c280	1
0802c2d0	1
0802c328	1
0802c348	1
0802cba4	1
0802cbac	1
0802cbcc	1
0802cbf2	1
0802cc10	1
0802cc1a	1
0802cc50	1
0802cc8c	1
0802ccae	1
0802d158	1
0802d15e	1
0802d358	1
0802d3a8	1
0802d3ca	1
0802d4f0	1
0802d588	1
0802d738	1
0802d7a0	1
0802d8f0	1
0802d950	1
0802d9b0	1
0802da78	1
0802dacc	1
0802db58	1
0802db80	1
0802dc66	1
0802e180	0
0802e187	0
0802e1a2	0
0802e1be	1
0802eb5c	1
0802eb60	1
0802eb80	1
0802eba8	1
0802ecfe	1
0802ed8a	1
0802edbc	1
0802ede8	1
0802f544	1
0802f574	1
0802f60c	1
0802f624	1
0802f63c	1
0802f668	1
0802f6a4	1
0802f6b2	1
0802f704	1
0802f710	1
0802f756	1
0803007c	1
080300ac	1
08030104	1
08030124	1
08030126	1
08030136	1
08030158	1
08030194	1
08030200	1
080302f8	1
08030316	1
08030336	1
0803035e	1
0803037a	1
08030604	0
08030628	1
08030808	1
0803086c	1
08030904	0
080309fc	1
080309fe	1
08031004	0
08031015	0
08031026	0
08031037	0
080311f4	1
0803123e	1
08031264	1
0803128e	1
080312d0	1
08031302	1
08031330	1
0803135e	1
08031388	1
080313b0	1
080313d4	1
080313fc	1
08031420	1
08031478	1
080314cc	1
08031520	1
08031612	1
0803178a	1
080317a6	1
080317c2	1
080317de	1
080317fa	1
08031808	1
0803182a	1
08031852	1
08031874	1
0803199e	1
080319b6	1
080319ce	1
080319e6	1
080319fe	1
08031a16	1
08031a2e	1
08031a46	1
08031a5e	1
08031b9a	1
08031bb2	1
08031bca	1
08031be2	1
08031bfa	1
08031c12	1
08031c2a	1
08031c42	1
08031c5a	1
08031c64	1
08031c7c	1
08031c94	1
08031cac	1
08031cc4	0
08033a7c	1
08033a80	1
08033a96	1
08033ab0	1
08033ac4	1
08033adc	1
08033af0	1
08033b08	1
08033b0c	1
08033b1e	1
08033b30	1
08033b46	1
08033b5c	1
08033b6e	1
08033fc0	1
080341b6	1
080341f8	1
08034218	1
0803423c	1
08034268	1
080342a4	1
080342c6	1
080342dc	1
080342e4	1
080342ec	1
080345e4	0
08034670	0
08034784	0
08035134	1
080351b4	1
08035808	0
08035920	1
08035924	1
08035932	1
08035962	1
08035992	1
080359be	1
080359ee	1
08035a1a	1
08035a74	1
08035aaa	1
08035afa	1
08035b44	1
08035b8e	1
08035bb2	1
08035bd6	1
08035bfe	1
08035c26	1
08035c4a	1
08035c6e	1
08035ca0	1
08035cd6	1
08035cf8	1
08035d1a	1
08035d34	1
08035d4e	1
08035d6a	1
08035d98	1
08035db4	1
08035dd6	1
08035df8	1
08035e16	1
08035e34	1
08035e54	1
08035e74	1
08035e8e	1
08035eaa	1
08035ec2	1
08035eda	1
08035ef2	1
08035f0e	1
08035f2a	1
08035f3e	1
08035f52	1
08035f6a	1
08035f98	1
08035fba	1
08035fde	1
08037030	1
0803705a	1
080370b4	1
080370b8	1
080370e4	1
08037104	1
08037196	1
08037260	1
080372a2	1
080372ec	1
08037332	1
08037352	1
0803736a	1
08037380	1
08037396	1
080373b6	1
080373cc	1
080373e4	1
080373fc	1
0803741c	1
08037432	1
08037690	0
080376c4	1
080376dc	1
080376f4	1
08037740	1
08037790	1
080377b6	1
080377d0	1
080377e4	1
080377f6	1
08037808	1
08037826	1
08037840	1
08037852	1
08037866	1
08037880	1
0803789a	1
080378ac	1
080378be	1
080378c2	1
080378ee	1
08037904	1
08037914	1
0803793a	1
0803795c	1
0803797e	1
080379a0	1
080379c2	1
080379e4	1
08037a06	1
08037a2a	1
08037a42	1
08037a70	1
08037a7c	1
08037aa0	1
08037ab6	1
08037b08	1
08037b6c	1
08037bb4	1
08037c44	1
08037cc4	1
08037ce4	1
08037cf8	1
08037d80	1
08037dac	1
08037de0	1
08037e18	1
08037e4c	1
08037e96	1
08037efa	1
08037f6e	1
08037f90	1
08037fb8	1
08038028	1
08038040	1
080380b4	1
080380c8	1
080380ea	1
0803810e	1
08038132	1
0803813e	1
0803816a	1
080381a0	1
080381e0	1
080381fa	1
0803821e	1
0803822a	1
08038246	1
08038256	1
0803825e	1
08038266	1
0803826e	1
0803827a	1
0803828e	1
0803829a	1
080382ae	1
080382ba	1
080382de	1
080382f2	1
080382fe	1
08038322	1
08038346	1
08038362	1
08038386	1
080383aa	1
080383de	1
08038412	1
0803843c	1
08038466	1
08038484	1
080384a8	1
080384d0	1
080384dc	1
080384f8	1
08038630	1
08038674	1
0803868c	1
080386b2	1
08038ad0	1
08038b04	1
08038b64	1
08038b80	1
08038b9c	1
08038bec	1
08038c10	1
08038c78	1
08038cf4	1
08038d7c	1
08038d94	1
08038db0	1
08038dc8	1
08038de0	1
08038e14	1
08038e48	1
08038e5c	1
08038e78	1
08038eac	1
08038edc	1
08038f0c	1
08039570	1
080395a4	1
080395e4	1
08039630	1
08039658	1
08039694	1
0803970c	1
08039734	1
080397dc	1
080397f6	1
08039816	1
08039830	1
08039846	1
08039864	1
08039888	1
080398b0	1
080399ce	1
08039a58	1
08039ab8	1
08039ae4	1
08039b0a	1
08039b60	1
08039b82	1
08039b98	1
08039bc0	1
08039c14	1
08039c32	1
08039c9c	1
08039cb4	1
08039d08	1
08039d66	1
08039d9a	1
08039db4	1
08039e2c	1
08039e80	1
08039eba	1
08039ecc	1
08039f10	1
08039f24	1
08039f38	1
08039f48	1
08039f58	1
08039f62	1
08039f6a	1
08039f78	1
08039fec	1
0803a03a	1
0803a054	1
0803a06c	1
0803a086	1
0803a0a4	1
0803a0be	1
0803a0d4	1
0803a0ee	1
0803a2cc	1
0803a334	1
0803a39c	1
0803a3c4	1
0803a410	1
0803a690	1
0803a6e4	1
0803a79a	1
0803a9cc	1
0803a9e6	1
0803aa24	1
0803aa40	1
0803aaa0	1
0803aad8	1
0803aaf6	1
0803ab20	1
0803ab46	1
0803ab6c	1
0803ab94	1
0803abb4	1
0803abf4	1
0803ac02	1
0803ac2c	1
0803ac56	1
0803ac78	1
0803aca2	1
0803acb2	1
0803acc6	1
0803ad04	1
0803ad20	1
0803ad80	1
0803adb8	1
0803adda	1
0803ae04	1
0803ae2a	1
0803ae50	1
0803ae78	1
0803ae98	1
0803aed8	1
0803aee6	1
0803af1c	1
0803af46	1
0803af70	1
0803af90	1
0803b160	1
0803b184	1
0803b1c4	1
0803b1d6	1
0803b1f8	1
0803bb74	0
0803c34e	1
0803c6a8	1
0803c6c0	1
0803c6d8	1
0803c6f4	1
0803c702	1
0803c720	1
0803c730	1
0803c754	1
0803c76c	1
0803c790	1
0803c7b4	1
0803c7e8	1
0803c83a	1
0803c842	1
0803c84a	1
0803c85c	1
0803c86a	1
0803c888	1
0803c8b4	1
0803c8e8	1
0803c94c	1
0803c97c	1
0803c9a4	1
0803c9b6	1
0803c9be	1
0803c9dc	1
0803ca10	1
0803ca2c	1
0803ca64	1
0803ca90	1
0803cba6	1
0803cbd0	1
0803cc14	1
0803cc28	1
0803cc40	1
0803ccd6	1
0803ccfc	1
0803cd40	1
0803cd54	1
0803ceb8	1
0803d1ca	1
0803d1fc	1
0803d24c	1
0803d274	1
0803d298	1
0803d2a6	1
0803de72	1
0803e088	0
0803e091	0
0803e09e	0
0803e0a9	0
0803e0b3	0
0803e0bc	0
0803e0c8	0
0803e0d5	0
0803e0df	0
0803e0ea	0
0803e0f4	0
0803e0fe	0
0803e108	0
0803e154	1
0803e16c	1
0803e198	1
0803e1ac	1
0803e1c0	1
0803e1d0	1
0803e1e0	1
0803e234	1
0803e260	1
0803e268	1
0803e288	1
0803e34c	1
0803e40c	1
0803e428	1
0803e548	1
0803e564	1
0803e590	1
0803e598	1
0803e628	1
0803e69c	1
0803e6a2	1
0803e6f8	1
0803e740	1
0803ea68	1
0803ea98	1
0803eabc	1
0803ead0	1
0803eb04	1
0803eb14	1
0803eb60	1
0803ec1c	1
0803ec54	1
0803ed4c	1
0803ed90	0
0803ee98	1
0803f780	0
0803fb3c	1
0803fb64	1
0803fb9c	1
0803fbc2	1
0803ff50	1
0804005c	1
08040938	1
08040944	1
080409e0	1
08040a04	0
08040d5c	1
08040e24	0
08040e90	1
08040e98	1
08040ef4	1
08040f70	1
0804103e	1
08041090	1
080410f8	1
0804110c	1
08041134	1
08041160	1
080411b0	1
080411bc	1
080411c8	1
080411d4	1
080411e0	1
080411e8	1
08041200	1
08041218	1
0804122c	1
08041238	1
08041244	1
08041288	1
080412c8	1
080414a8	1
0804156c	1
08041670	1
08041694	1
080416c4	1
080416f0	1
0804171c	1
08041748	1
08041774	1
080417a4	1
080417c0	1
080417e4	1
08041818	1
080418cc	1
08041904	1
08041944	1
08041964	1
0804198c	1
080419b4	1
080419d0	1
080419f8	1
08041a28	1
08041a4c	1
08041a7c	1
08041abc	1
08041adc	1
08041ba4	1
08041bd8	1
08041c54	1
08041c84	1
08041cf4	1
08041dbc	1
08041e80	1
08041eb0	1
08041ee8	1
08041f10	1
08041f1c	1
08041f44	1
08041f68	1
08041fb4	1
080420bc	1
08042124	1
08042128	1
08042184	1
080421d8	1
0804222c	1
0804228c	1
08042290	1
080422d4	1
080422e8	1
080422fc	1
0804230c	1
0804231c	1
08042328	1
08042340	1
08042350	1
08042360	1
08042370	1
08042388	1
080423dc	1
08042418	1
0804244c	1
0804247c	1
080424bc	1
080424e0	1
0804252c	1
08042580	1
080425a0	1
080425c0	1
080425e0	1
080425f0	1
08042610	1
08042678	1
080426a8	1
080426c4	1
080426d4	1
080426e0	1
080426f4	1
0804271c	1
08042770	1
080427b4	1
080427e4	1
08042804	1
08042820	1
08042830	1
0804286c	0
080428b8	0
080428c0	0
080428e4	0
080428ec	0
080428fc	0
08042910	0
0804293c	0
08042990	0
080429d8	0
08042a9c	1
08042b38	1
08042c18	1
08042cf8	1
08042f84	1
08042fd8	1
08042ff4	1
08043008	1
08043020	1
080430a0	1
0804312c	1
08043164	1
080432c8	1
0804330c	1
080434e0	1
080436b0	1
080436e8	1
080438b4	1
080438ec	1
08043a5c	1
08046154	1
0804634c	1
08046356	1
080463a0	1
08046450	1
08046cf8	1
08046d4c	1
08046ddc	1
08046df8	1
08046e06	1
08046e48	1
08046e84	1
08046ed2	1
08047028	1
08047050	1
08047066	1
0804709c	1
08048f88	1
08048fd4	1
0804900c	1
08049058	1
08049080	1
08049104	1
08049158	1
08049164	1
0804918a	1
080491c4	1
080491e6	1
080491fc	1
0804921e	1
08049272	1
08049290	1
080492f4	1
0804930c	1
08049360	1
080493bc	1
080493fe	1
08049416	1
0804946e	1
080494ca	1
080494d6	1
080494de	1
0804952c	1
08049582	1
0804959c	1
080495b4	1
080495ce	1
080495ec	1
08049606	1
0804961c	1
08049636	1
0804971c	1
08049770	1
080497d0	1
080497ee	1
08049808	1
08049844	1
0804986e	1
08049888	1
080498aa	1
080498d4	1
080498e4	1
080498f8	1
08049934	1
0804996a	1
08049984	1
080499ae	1
080499ce	1
08049e04	1
08049e28	1
08049e5c	1
08049e84	1
08049ebc	1
08049f32	1
08049f8a	1
08049fa4	1
08049fe0	1
0804a00a	1
0804a024	1
0804a04e	1
0804a078	1
0804a304	1
0804a360	1
0804a3fc	1
0804a460	1
0804a4d4	1
0804a514	1
0804a54c	1
0804a574	1
0804a5b4	1
0804a5d4	1
0804a5ec	1
0804c058	1
0804c074	1
0804c08c	1
0804c11c	1
0804c348	1
0804c3bc	1
0804c43c	1
0804c478	1
0804c53c	1
0804c5c0	1
0804c624	1
0804c658	1
0804c668	1
0804c66c	1
0804c694	1
0804c72c	1
0804c770	1
0804c7c4	1
0804c7c8	1
0804c7ec	1
0804cb0c	1
0804cb64	1
0804cba0	1
0804cbdc	1
0804cc58	1
0804cc6e	1
0804cc7e	1
0804cc8e	1
0804ccbc	1
0804ccc0	1
0804cd5c	1
0804cdcc	1
0804ce90	1
0804cf32	1
0804cf84	1
0804e62c	1
0804e6d0	1
0804e720	1
08052688	1
08052764	1
080527f0	1
080595b8	1
08059664	1
080596c8	1
0805df08	1
0805dfa2	1
0805dff0	1
0806036c	1
08060406	1
0806044c	1
08062ab0	1
08062b64	1
08062bcc	1
080663d0	1
08066450	1
0806649c	1
0806651c	1
08066540	1
08067b5c	1
08067be4	1
08067c88	1
08067d1c	1
08067d46	1
08069038	1
080690c2	1
08069140	1
080691d4	1
080691fe	1
08069fe8	1
0806a070	1
0806a120	1
0806a1b4	1
0806a1de	1
0806aa00	1
0806aaaa	1
0806ab94	1
0806acc0	1
0806ad00	1
0806c23c	1
0806c2e2	1
0806c35c	1
0806c4b0	1
0806c59c	1
0806d8f8	1
0806d9fc	1
0806da58	1
0806dc0c	1
0806dcd4	1
0806fc08	1
0806fcf8	1
0806fd54	1
0806ff08	1
0806ffda	1
08071b50	1
08071be4	1
08071c30	1
08071cc4	1
08071cee	1
0807544c	1
080754e2	1
08075530	1
080755c4	1
080755ee	1
08077d00	1
08077d8a	1
08077de0	1
08077e60	1
08077e84	1
0807931c	1
0807939a	1
080793e8	1
08079468	1
0807948c	1
0807a8e0	1
0807a974	1
0807a9cc	1
0807aaac	1
0807aad6	1
0807cdec	1
0807ce90	1
0807cf24	1
0807cfcc	1
0807cffc	1
0807ecd0	1
0807ed6c	1
0807edd4	1
0807ee68	1
0807ee92	1
08083d44	1
08086c08	1
08086ce4	1
08086d9c	1
08086df8	1
08089160	1
0808917c	1
08089234	1
080895a8	1
0808964c	1
080896b0	1
080896c4	1
080896d4	1
08089792	1
080897a6	1
080897e8	1
08089808	1
08089826	1
0808983a	1
0808985a	1
0808989c	1
080898b2	1
080898e8	1
080898fc	1
0808991c	1
08089960	1
0808997e	1
0808999c	1
080899d8	1
080899f2	1
08089a10	1
08089a60	1
08089aca	1
08089ae8	1
08089b2e	1
08089b54	1
08089b7e	1
08089b94	1
08089baa	1
08089bc0	1
08089be4	1
08089bfa	1
08089c16	1
08089c78	1
0808ca68	1
0808ea78	1
0808fea4	1
08092e78	1
08092ec4	1
08092f1e	1
08092f64	1
08092f76	1
08092fbe	1
08092fd2	1
08093012	1
08093026	1
08093054	1
080930a4	1
0809316c	1
0809319c	1
080931ca	1
0809332c	1
080988e4	0
08098a02	0
08098a2e	0
08098a78	0
08098b1c	0
080991f4	0
08099218	1
08099dac	1
0809a02c	1
0809a404	1
0809a4b8	1
0809a4ec	1
0809a8e4	1
0809aa04	1
0809aab8	1
0809b5ad	0
0809b910	1
0809bfe8	1
0809c830	1
0809cb68	1
0809d19c	1
0809d270	1
0809d328	0
0809d348	1
0809d470	1
0809d4dc	1
0809d560	1
0809d5c4	1
0809d61a	1
0809d6bc	1
0809d730	1
0809d75e	1
0809d7a8	1
0809d7c8	1
0809d7d8	1
0809d7f8	1
0809d800	1
0809d8f4	1
0809d92c	1
0809d964	1
0809d9a0	1
0809df00	1
0809e0b0	1
0809e0fc	1
0809e114	1
0809e122	1
0809e188	1
0809e1a4	1
0809e1d8	1
0809e1fa	1
0809e230	1
0809e23c	1
0809e248	1
0809e254	1
0809e260	1
0809e26a	1
0809e276	1
0809e284	1
0809e292	1
0809e2a0	1
0809e2ae	1
0809e2fe	1
0809e312	1
0809e314	1
0809e442	1
0809e452	1
0809e4a0	1
0809e4ae	1
0809e4bc	1
0809e570	1
0809e590	1
0809e5e2	1
0809e6a4	0
0809e6c8	1
0809e6dc	1
0809e704	1
0809e77e	0
0809e79e	0
0809e7d8	1
0809e84e	1
0809e878	1
0809e8cc	1
0809e8fc	1
0809e916	1
0809e944	1
0809e95e	1
0809e9c0	1
0809e9da	1
0809ea3c	1
0809ea74	1
0809ea82	1
0809eaa0	1
0809eada	1
0809eb04	1
0809eb20	1
0809ebbc	1
0809ed80	1
0809ed88	1
0809ed94	1
0809edb2	1
0809edd0	1
0809edee	1
0809ee00	1
0809ee12	1
0809ee1a	1
0809ee22	1
0809ee2a	1
0809ee32	1
0809ee48	1
0809ee56	1
0809ee62	1
0809ee6c	1
0809ee82	1
0809ee9c	1
0809eeaa	1
0809eeb6	1
0809eeda	1
0809eef8	1
0809ef00	1
0809ef40	1
0809ef48	1
0809ef50	1
0809ef58	1
0809ef60	1
0809ef6e	1
0809ef82	1
0809ef9a	1
0809efa6	1
0809efb4	1
0809efc6	1
0809efd8	1
0809effc	1
0809f01c	1
0809f030	1
0809f03c	1
0809f048	1
0809f058	1
0809f0ec	1
0809f104	1
0809f114	1
0809f12c	1
0809f138	1
0809f150	1
0809f15a	1
0809f16e	1
0809f17c	1
0809f18e	1
0809f198	1
0809f1c6	1
0809f1d8	1
0809f218	1
0809f23e	1
0809f26a	1
0809f270	1
0809f292	1
0809f2a2	1
0809f2c0	1
0809f2de	1
0809f2fc	1
0809f30c	1
0809f31c	1
0809f338	1
0809f354	1
0809f36e	1
0809f37e	1
0809f388	1
0809f392	1
0809f3a6	1
0809f3c0	1
0809f3e8	1
0809f3f6	1
0809f418	1
0809f438	1
0809f45a	1
0809f4b8	1
0809f4ee	1
0809fe5e	1
080a3360	0
080a336c	0
080a3428	0
080a3a44	0
080a4984	1
080a49b0	1
080a4a08	1
080a4a90	1
080a4a98	1
080a4ab8	1
080a4acc	1
080a4bd4	1
080a4bdc	1
080a4bfc	1
080a4c46	1
080a4c5c	1
080a51c4	1
080a51f8	1
080a5268	1
080a52e4	1
080a5304	1
080a5350	1
080a5428	1
080a5448	1
080a5494	1
080a549c	1
080a54f0	1
080a5514	1
080a5588	1
080a55cc	1
080a57ac	1
080a57d0	1
080a5828	1
080a5888	1
080a5ad4	1
080a5af8	1
080a5b70	1
080a5c6c	1
080a6050	0
080a6a16	1
080a6a34	1
080a6a62	1
080a6abc	0
080a6b08	1
080a6b10	1
080a6bd8	1
080a6ca4	1
080a6cd4	1
080a6cfc	1
080a6d38	1
080a6d42	1
080a6d5c	1
080a6d7a	1
080a6d8a	1
080a6dac	1
080a6dc6	1
080a6ddc	1
080a6dec	1
080a6dfc	1
080a6e0c	1
080a6e22	1
080a6e3a	1
080a6e4a	1
080a6e98	1
080a6ebc	1
080a6f2c	1
080a6f70	1
080a72b4	1
080a72d8	1
080a7354	1
080a7398	1
080a77a8	1
080a77c8	1
080a77fc	1
080a7812	1
080a781c	1
080a783c	1
080a786c	1
080a78ae	1
080a78b8	1
080a78e0	1
080a7912	1
080a796c	1
080a79d4	1
080a79dc	1
080a7a40	1
080a7aa4	1
080a7ad4	1
080a7ae0	1
080a7afa	1
080a7b32	1
080a7c84	1
080a7ca4	1
080a7cea	1
080a7cf6	1
080a7d90	1
080a7db8	1
080a7e0c	1
080a7e14	1
080a7e44	1
080a7e4c	1
080a7e6c	1
080a7ea4	1
080a7ebe	1
080a7eda	1
080a7ef8	1
080a7f14	1
080a7f26	1
080a7f58	1
080a7f78	1
080a7fac	1
080a7fd4	1
080a8006	1
080a800a	1
080a8208	1
080a822c	1
080a827c	1
080a829c	1
080a8394	1
080a83b8	1
080a8424	1
080a8484	1
080a8654	1
080a8674	1
080a86a0	1
080a86ac	1
080a8728	1
080a8748	1
080a87d2	1
080a87e8	1
080a87f0	1
080a8814	1
080a8848	1
080a8860	1
080a8870	1
080a8894	1
080a88e2	1
080a8918	1
080a8980	1
080a89dc	1
080a89fc	1
080a8a50	1
080a8a74	1
080a8ab4	1
080a8af4	1
080a8b24	1
080a8b2c	1
080a8b4c	1
080a8bbc	1
080a8c08	1
080a8e74	1
080a8e9c	1
080a8f08	1
080a8fa0	1
080a8fe4	1
080a92b8	1
080a92e0	1
080a931c	1
080a9360	1
080a93d0	1
080a9430	1
080a9458	1
080a94dc	1
080a94f8	1
080a9568	1
080a9658	1
080a9680	1
080a96c8	1
080a96f0	1
080a96fc	1
080a9824	1
080a9844	1
080a9858	1
080a98cc	1
080a98d4	1
080a98f4	1
080a9908	1
080a9a04	1
080a9a0c	1
080a9a2c	1
080a9a76	1
080a9a96	1
080a9b70	1
080a9b9c	1
080a9c26	1
080a9ca6	1
080a9d10	1
080a9d30	1
080a9d86	1
080a9db8	1
080a9dc0	1
080a9dfe	1
080a9e48	1
080a9e5e	1
080a9eb6	1
080a9ecc	1
080a9eec	1
080a9f30	1
080a9f4e	1
080a9f58	1
080a9f78	1
080a9fb8	1
080a9ffc	1
080aa058	1
080aa078	1
080aa0b8	1
080aa0fc	1
080aa140	1
080aa160	1
080aa194	1
080aa1c8	1
080aa1e0	1
080aa204	1
080aa248	1
080aa282	1
080aa2a8	1
080aa2d8	1
080aa2f8	1
080aa322	1
080aa36c	1
080aa374	1
080aa394	1
080aa402	1
080aa4b8	1
080aa6b8	0
080aa6e8	1
080aa6ec	1
080aa756	1
080aa764	1
080aa778	1
080aa78c	1
080aa7ac	1
080aa7c0	1
080aa7d4	1
080aa7e8	1
080aa7fc	1
080aa810	1
080aa86e	1
080b0d88	0
080b81ec	1
080b8210	1
080b8230	1
080b829c	1
080b82c4	1
080b82e0	1
080b8338	1
080b8376	1
080b8390	1
080b83c0	1
080b8406	1
080b843c	1
080b84ec	1
080b85e0	1
080b8600	1
080b863a	1
080b86a4	1
080b86c4	1
080b86d4	1
080b86f8	1
080b8784	1
080b88d0	1
080b88f0	1
080b8932	1
080b8a18	1
080b8a3c	1
080b8ad4	1
080b8b08	1
080b8b6e	1
080b8cd8	1
080b8cf8	1
080b8da6	1
080b8ea0	1
080b8ec4	1
080b8f0a	1
080b8f30	1
080b8f66	1
080b8f8e	1
080b8fb6	1
080b8fea	1
080b9014	1
080b9078	1
080b909c	1
080b90e4	1
080b910c	1
080b9160	1
080b9188	1
080b91b0	1
080b91e8	1
080b921a	1
080b92b8	1
080b92dc	1
080b931a	1
080b9340	1
080b9376	1
080b939e	1
080b93c6	1
080b9408	1
080b9432	1
080b94bc	1
080b94e0	1
080b951e	1
080b954c	1
080b95ac	1
080b95f2	1
080b961a	1
080b966c	1
080b96c2	1
080b971e	1
080b9750	1
080b97c0	1
080b97e4	1
080b9822	1
080b9848	1
080b989c	1
080b98c4	1
080b98ec	1
080b9970	1
080b999a	1
080b99c0	1
080b99e4	1
080b9a34	1
080b9a60	1
080b9a96	1
080b9aba	1
080b9aea	1
080b9b30	1
080b9b58	1
080b9b6e	1
080b9c14	1
080b9c38	1
080b9c9c	1
080b9cdc	1
080b9d12	1
080b9d36	1
080b9d6e	1
080b9e40	1
080b9f00	1
080b9f0e	1
080b9f44	1
080b9f68	1
080b9fa6	1
080b9fd8	1
080ba02c	1
080ba054	1
080ba090	1
080ba0d8	1
080ba0fc	1
080ba152	1
080ba186	1
080ba1b0	1
080ba364	1
080ba388	1
080ba3d8	1
080ba414	1
080ba468	1
080ba490	1
080ba4ba	1
080ba528	1
080ba56c	1
080ba5aa	1
080ba5d2	1
080ba5f6	1
080ba62e	1
080ba660	1
080ba708	1
080ba72c	1
080ba772	1
080ba7a0	1
080ba7f4	1
080ba81c	1
080ba84c	1
080ba89c	1
080ba8d0	1
080ba8f6	1
080ba920	1
080baa8c	1
080baab0	1
080bab00	1
080bab30	1
080bab84	1
080babac	1
080bac50	1
080bac98	1
080bacbc	1
080bad06	1
080bad34	1
080bad76	1
080badb4	1
080bade4	1
080bae16	1
080baf50	1
080baf74	1
080bb00c	1
080bb048	1
080bb098	1
080bb0d2	1
080bb10c	1
080bb19c	1
080bb1a6	1
080bb1ba	1
080bb1c4	1
080bb2a0	1
080bb2c4	1
080bb35c	1
080bb398	1
080bb3f6	1
080bb42e	1
080bb46a	1
080bb4f8	1
080bb514	1
080bb608	1
080bb62c	1
080bb66a	1
080bb694	1
080bb6e8	1
080bb710	1
080bb772	1
080bb79a	1
080bb7cc	1
080bb7f6	1
080bb914	1
080bb938	1
080bb976	1
080bb99c	1
080bb9f0	1
080bba26	1
080bba8e	1
080bbab8	1
080bbac6	1
080bbb98	1
080bbbbc	1
080bbc04	1
080bbc2c	1
080bbc80	1
080bbcd8	1
080bbd60	1
080bbdac	1
080bbde8	1
080bbf0c	1
080bbf30	1
080bbf6e	1
080bbf94	1
080bbfe8	1
080bc024	1
080bc058	1
080bc0b0	1
080bc0da	1
080bc17c	1
080bc19c	1
080bc1da	1
080bc268	1
080bc284	1
080bc29c	1
080bc2c8	1
080bc30e	1
080bc36e	1
080bc4fc	1
080bc524	1
080bc56e	1
080bc58c	1
080bc650	1
080bc670	1
080bc78c	1
080bc87c	1
080bc8a8	1
080bc8ec	1
080bc920	1
080bc958	1
080bc976	1
080bca04	1
080bca24	1
080bca72	1
080bcad4	1
080bcb50	1
080bcb74	1
080bcc0c	1
080bcc2c	1
080bcc88	1
080bcc96	1
080bcd14	1
080bcd38	1
080bce4c	1
080bce90	1
080bceb2	1
080bcf3a	1
080bcf58	1
080bcf7a	1
080bcff6	1
080bd064	1
080bd084	1
080bd0da	1
080bd114	1
080bd134	1
080bd156	1
080bd1b8	1
080bd1da	1
080bd388	1
080bd3ac	1
080bd478	1
080bd4bc	1
080bd4dc	1
080bd538	1
080bd586	1
080bd5a8	1
080bd644	1
080bd67e	1
080bd6b6	1
080bd742	1
080bd760	1
080bd788	1
080bd7d6	1
080bd7ea	1
080bd81a	1
080bd834	1
080bd878	1
080bd89c	1
080bd8bc	1
080bd960	1
080bd984	1
080bd9a2	1
080bdb04	1
080bdb3c	1
080bdb8c	1
080bdb9e	1
080bdba4	1
080bdbc8	1
080bdcfc	1
080bdd40	1
080bdd70	1
080bdd88	1
080bdda8	1
080bddca	1
080bde58	1
080bdec0	1
080bdef0	1
080bdf0e	1
080bdf3c	1
080bdfa6	1
080be098	1
080be0ce	1
080be0fa	1
080be144	1
080be174	1
080be190	1
080be1dc	1
080be22e	1
080be254	1
080be282	1
080be2b8	1
080be312	1
080be39a	1
080be3c4	1
080be3e8	1
080be4d8	1
080be4f8	1
080be55c	1
080be5cc	1
080be648	1
080be6bc	1
080be798	1
080be7bc	1
080be834	1
080be8a0	1
080be8ae	1
080be950	1
080be97a	1
080bea10	1
080bea50	1
080bea78	1
080beace	1
080beb28	1
080beb46	1
080beb90	1
080bebbc	1
080bebd8	1
080bec40	1
080bec68	1
080bec84	1
080becc6	1
080becf0	1
080bed0c	1
080bedcc	1
080bee04	1
080bee62	1
080bee80	1
080beea2	1
080bef02	1
080bef2c	1
080bef48	1
080befc0	1
080befe2	1
080bf000	1
080bf07a	1
080bf0f8	1
080bf11a	1
080bf160	1
080bf260	1
080bf284	1
080bf2d0	1
080bf2fc	1
080bf324	1
080bf340	1
080bf38a	1
080bf3b0	1
080bf3cc	1
080bf428	1
080bf44a	1
080bf464	1
080bf4a4	1
080bf4d0	1
080bf4ec	1
080bf548	1
080bf56a	1
080bf588	1
080bf5e0	1
080bf67e	1
080bf69c	1
080bf6ae	1
080bf6ec	1
080bf710	1
080bf7bc	1
080bf800	1
080bf81c	1
080bf866	1
080bf888	1
080bf8a8	1
080bf8da	1
080bf94e	1
080bf97c	1
080bf9b0	1
080bf9cc	1
080bf9fe	1
080bfa1c	1
080bfa38	1
080bfaae	1
080bfad8	1
080bfaf8	1
080bfb74	1
080bfbfa	1
080bfc28	1
080bfc44	1
080bfc94	1
080bfcb2	1
080bfcd0	1
080bfdfc	1
080bfe24	1
080bfe6e	1
080bfe8c	1
080bff68	1
080bff88	1
080bffc0	1
080c0030	1
080c004c	1
080c006a	1
080c006e	1
080c0072	1
080c0178	1
080c0198	1
080c01d8	1
080c023c	1
080c025c	1
080c0334	1
080c0358	1
080c03ae	1
080c03d4	1
080c0404	1
080c04ac	1
080c04cc	1
080c0526	1
080c0544	1
080c0584	1
080c05c6	1
080c065c	1
080c0680	1
080c06bc	1
080c06dc	1
080c0710	1
080c072e	1
080c07bc	1
080c07cc	0
080c07dc	1
080c0840	1
080c0870	1
080c088c	1
080c08ee	1
080c0912	1
080c0938	1
080c0956	1
080c0988	1
080c09c6	1
080c0a0e	1
080c0a4c	1
080c0a6c	1
080c0a90	1
080c0b4a	1
080c0b76	1
080c0b90	1
080c0bc2	1
080c0c04	1
080c0c20	1
080c0c48	1
080c0c8c	1
080c0dd8	1
080c0e04	1
080c0e24	1
080c0ee2	1
080c0f6c	1
080c0f8c	1
080c0fe8	1
080c1014	0
080c1078	1
080c1094	1
080c10ac	1
080c11ac	1
080c11cc	1
080c1204	1
080c1268	1
080c12a6	1
080c1320	1
080c138e	1
080c13e4	1
080c1570	1
080c1590	1
080c15ec	1
080c1610	1
080c1630	1
080c166a	1
080c1698	1
080c16be	1
080c16e0	1
080c1734	1
080c174a	1
080c1786	1
080c17b2	1
080c17e6	1
080c1a10	1
080c1a34	1
080c1a7c	1
080c1ab8	1
080c1aee	1
080c1b2e	1
080c1bc8	1
080c1bec	1
080c1ca0	1
080c1cc4	1
080c1da0	1
080c1dc4	1
080c1e7a	1
080c2138	1
080c215c	1
080c21ac	1
080c21e0	1
080c2216	1
080c2256	1
080c2300	1
080c2324	1
080c23cc	1
080c23f0	1
080c2498	1
080c26f0	1
080c2700	0
080c2710	1
080c2770	1
080c2798	1
080c27b4	1
080c2804	1
080c2854	1
080c2878	1
080c290c	1
080c2934	1
080c296c	1
080c29fc	1
080c2a2c	1
080c2a4c	1
080c2a78	1
080c2a8c	0
080c2a9c	1
080c2af8	1
080c2b20	1
080c2b3c	1
080c2b8c	1
080c2be6	1
080c2c14	1
080c2cb4	1
080c2d06	1
080c2d56	1
080c2d8c	1
080c2e30	1
080c2e6e	1
080c2f40	1
080c2f76	1
080c2f96	1
080c3000	1
080c3024	1
080c30c2	1
080c3100	1
080c314e	1
080c31b0	1
080c3218	1
080c323c	1
080c32b6	1
080c32d8	1
080c32f4	1
080c330e	1
080c3322	1
080c3348	1
080c3368	1
080c33ae	1
080c33ca	1
080c3408	1
080c3448	1
080c34b8	1
080c34e0	1
080c3504	1
080c3550	1
080c3584	1
080c3598	1
080c35ce	1
080c3630	1
080c364a	1
080c3678	1
080c36a0	1
080c3710	1
080c3734	1
080c3758	1
080c37ac	1
080c37ec	1
080c3816	1
080c383e	1
080c3852	1
080c38a0	1
080c38ba	1
080c38da	1
080c3900	1
080c3946	1
080c3970	1
080c3994	1
080c39ba	1
080c3a24	1
080c3a50	1
080c3a78	1
080c3a98	1
080c3aca	1
080c3b06	1
080c3b30	1
080c3ce8	1
080c3d0c	1
080c3d32	1
080c3d9c	1
080c3dc8	1
080c3ddc	1
080c3e00	1
080c3e2e	1
080c3e46	1
080c3e88	1
080c3e98	1
080c3ee0	1
080c3f00	1
080c3f52	1
080c40d8	1
080c40f8	1
080c4146	1
080c4348	1
080c4368	1
080c43c4	1
080c4484	1
080c44d2	1
080c4530	1
080c4550	1
080c458c	1
080c461c	1
080c464c	1
080c46b6	1
080c46fc	1
080c471c	1
080c4766	1
080c4828	1
080c4848	1
080c48fc	1
080c493c	1
080c4958	1
080c49a4	1
080c49e4	1
080c4a52	1
080c4a6c	1
080c4aac	1
080c4b18	1
080c4b48	1
080c4b84	1
080c4e58	1
080c4e7c	1
080c4f02	1
080c50b8	1
080c50dc	1
080c5116	1
080c51ac	1
080c51cc	1
080c524c	1
080c52b0	1
080c52d0	1
080c532e	1
080c53c0	1
080c53e4	1
080c53fa	1
080c54e0	1
080c552a	1
080c55b0	1
080c55d4	1
080c55e4	1
080c5654	1
080c56b4	1
080c5760	1
080c57c0	1
080c57e4	1
080c57f4	1
080c5886	1
080c58e0	1
080c59b6	1
080c5a34	1
080c5a58	1
080c5ad4	1
080c5bb0	1
080c5bd4	1
080c5c40	1
080c5c9c	1
080c5d84	1
080c5dbc	1
080c5ddc	1
080c5e00	1
080c5e44	1
080c5e84	1
080c5f0c	1
080c5f60	1
080c5f84	1
080c5fde	1
080c60a8	1
080c60cc	1
080c619c	1
080c6280	1
080c62a0	1
080c62b0	1
080c62f8	1
080c6330	1
080c6414	1
080c6438	1
080c647c	1
080c64a0	1
080c6524	1
080c6536	1
080c6580	1
080c65a0	1
080c65ee	1
080c6650	1
080c667c	1
080c6698	1
080c66e4	1
080c67f8	1
080c681c	1
080c6854	1
080c6946	1
080c6964	1
080c69ac	1
080c6a08	1
080c6a34	1
080c6a50	1
080c6aac	1
080c6b40	1
080c6b64	1
080c6c14	1
080c6c6a	1
080c6cba	1
080c6dcc	1
080c6dfc	1
080c6e50	1
080c6e90	1
080c7074	1
080c7098	1
080c70d8	1
080c71a4	1
080c71c4	1
080c7250	1
080c72b0	1
080c72bc	1
080c72dc	1
080c7306	1
080c734e	1
080c740c	1
080c742c	1
080c7450	1
080c7484	1
080c7524	1
080c7530	1
080c793c	1
080c795c	1
080c7980	1
080c79bc	1
080c7a06	1
080c7a20	1
080c7a58	1
080c7c18	1
080c7c3c	1
080c7cc0	1
080c7d08	1
080c7d78	1
080c7d98	1
080c7e24	1
080c7e6c	1
080c7f40	1
080c7f64	1
080c7fdc	1
080c802c	1
080c8098	1
080c80b8	1
080c8100	1
080c8144	1
080c81cc	1
080c81f0	1
080c8232	1
080c8268	1
080c829c	1
080c8388	1
080c83b8	1
080c8498	1
080c84e0	1
080c853c	1
080c856c	1
080c85c0	1
080c85f4	1
080c8660	1
080c86d8	1
080c8708	1
080c876c	1
080c87b8	1
080c87dc	1
080c882c	1
080c8850	1
080c8892	1
080c88c8	1
080c89a4	1
080c8aa4	1
080c8ac8	1
080c8b3e	1
080c8b80	1
080c8c44	1
080c8c74	1
080c8ca4	1
080c8d10	1
080c8d64	1
080c8d8e	1
080c8dbc	1
080c8e08	1
080c8e2c	1
080c8e6e	1
080c8eac	1
080c8ed0	1
080c8f14	1
080c8f60	1
080c8ffc	1
080c9024	1
080c9074	1
080c90dc	1
080c91a0	1
080c91c4	1
080c91fe	1
080c9238	1
080c93cc	1
080c93f0	1
080c940c	1
080c94bc	1
080c950c	1
080c96a0	1
080c96c8	1
080c9726	1
080c9774	1
080c97b4	1
080c980c	1
080c9814	1
080c9824	1
080c9848	1
080c98dc	1
080c9964	1
080c9bc4	1
080c9be8	1
080c9c5c	1
080c9ca2	1
080c9cc4	1
080c9d00	1
080c9d24	1
080c9d9e	1
080c9de0	1
080c9e20	1
080c9e88	1
080c9ece	1
080c9f78	1
080c9f88	0
080c9f98	1
080ca074	1
080ca2a8	1
080ca2cc	1
080ca2d4	1
080ca3a0	1
080ca408	1
080ca4f6	1
080ca544	1
080ca568	1
080ca61a	1
080ca6b8	1
080ca6d8	1
080ca7ac	1
080ca834	1
080ca88e	1
080ca8e2	1
080ca938	1
080ca95c	1
080ca9ca	1
080caa2c	1
080cab14	1
080cab68	1
080cab88	1
080cab90	1
080cabd0	1
080cac00	1
080cac44	1
080cad28	1
080cad4c	1
080cade0	1
080cae28	1
080cae94	1
080caec0	1
080caef0	1
080caf14	1
080caf9c	1
080cafc8	1
080cb078	1
080cb0dc	1
080cb10c	1
080cb154	1
080cb184	1
080cb1da	1
080cb284	1
080cb2a8	1
080cb368	1
080cb3a0	1
080cb3fc	1
080cb49c	1
080cb4c0	1
080cb4d4	1
080cb5b4	1
080cb628	1
080cb6f8	1
080cb71c	1
080cb762	1
080cb7bc	1
080cb898	1
080cb900	1
080cb924	1
080cb964	1
080cb9e2	1
080cba34	1
080cba52	1
080cbb44	1
080cbb64	1
080cbb76	1
080cbc38	1
080cbcb0	1
080cbcf4	1
080cbd10	1
080cbd32	1
080cbde6	1
080cc044	1
080cc064	1
080cc090	1
080cc0e8	1
080cc110	1
080cc1a0	1
080cc208	1
080cc23e	1
080cc260	1
080cc29e	1
080cc320	1
080cc36c	1
080cc3b8	1
080cc3dc	1
080cc400	1
080cc428	1
080cc43a	1
080cc472	1
080cc4c4	1
080cc4ec	1
080cc562	1
080cc5a8	1
080cc5c8	1
080cc668	1
080cc6e8	1
080cc76c	1
080cc790	1
080cc800	1
080cc868	1
080cc892	1
080cc8ba	1
080cc944	1
080cc964	1
080cc9aa	1
080cca40	1
080cca60	1
080ccab8	1
080ccaf4	1
080ccbd0	1
080ccbdc	1
080ccbf6	1
080ccc1e	1
080ccc48	1
080ccc68	1
080cccbc	1
080ccce0	1
080ccd24	1
080ccd30	1
080ccd42	1
080ccd70	1
080ccd94	1
080ccdfc	1
080cce64	1
080cceac	1
080cced0	1
080ccf88	1
080ccfdc	1
080ccffc	1
080cd08c	1
080cd0e0	1
080cd0f8	1
080cd114	1
080cd12c	1
080cd144	1
080cd160	1
080cd1ae	1
080cd1be	1
080cd2ec	1
080cd310	1
080cd3b0	1
080cd414	1
080cd4ac	1
080cd4ec	1
080cd50c	1
080cd5f8	1
080cd654	1
080cd6fc	1
080cd700	1
080cd78e	1
080cd886	1
080cd8ec	1
080cd90c	1
080cd91e	1
080cd9ca	1
080cda1c	1
080cdad8	1
080cdafc	1
080cdb2c	1
080cdb50	1
080cdb80	1
080cdbac	1
080cdbe8	1
080cdd44	1
080cdd64	1
080cddfc	1
080cde44	1
080cde68	1
080cdec8	1
080cdef8	1
080cdf84	1
080cdfa4	1
080cdfee	1
080ce034	1
080ce05e	1
080ce118	1
080ce138	1
080ce178	1
080ce198	1
080ce1d6	1
080ce21c	1
080ce24c	1
080ce270	1
080ce2b4	1
080ce308	1
080ce3c4	1
080ce44e	1
080ce530	1
080ce554	1
080ce5f0	1
080ce64c	1
080ce690	1
080ce70c	1
080ce730	1
080ce782	1
080ce7c4	1
080ce81c	1
080ce83c	1
080ce87c	1
080ce8d8	1
080ce8f4	1
080ce932	1
080ce9a4	1
080ce9cc	1
080ce9dc	1
080cea0a	1
080cea24	1
080cea42	1
080cea88	1
080ceb00	1
080ceb24	1
080ceb66	1
080ceb9c	1
080cebbe	1
080cec1a	1
080cec7c	1
080cee78	1
080cee9c	1
080cef0a	1
080cef5c	1
080cef90	1
080ceffc	1
080cf030	1
080cf0d0	1
080cf0f0	1
080cf18c	1
080cf1dc	1
080cf250	1
080cf2b4	1
080cf3be	1
080cf3dc	1
080cf488	1
080cf4c8	1
080cf4e6	1
080cf554	1
080cf5c8	1
080cf5ec	1
080cf658	1
080cf700	1
080cf76c	1
080cf7f0	1
080cf810	1
080cf8b0	1
080cf954	1
080cf974	1
080cfa18	1
080cfa6c	1
080cfb28	1
080cfb2c	1
080cfc08	1
080cfc28	1
080cfc5e	1
080cfc96	1
080cfcf8	1
080cfd1c	1
080cfd64	1
080cfd80	1
080cfdb0	1
080cfe08	1
080cfec4	1
080cfee4	1
080cff62	1
080cffb0	1
080cffbc	1
080d0026	1
080d0044	1
080d00a0	1
080d00c4	1
080d0132	1
080d0168	1
080d01bc	1
080d0268	1
080d028c	1
080d02d6	1
080d0310	1
080d033c	1
080d035c	1
080d0394	1
080d03b8	1
080d0454	1
080d0498	1
080d04d2	1
080d0500	1
080d0524	1
080d0566	1
080d0590	1
080d0610	1
080d0634	1
080d072c	1
080d07cc	1
080d07fc	1
080d0868	1
080d08cc	1
080d0916	1
080d0952	1
080d0aa8	1
080d0ac8	1
080d0b0e	1
080d0b54	1
080d0bd4	1
080d0c1c	1
080d0d7c	1
080d0dac	1
080d0e14	1
080d0e64	1
080d0e9e	1
080d0f8c	1
080d0fb0	1
080d102e	1
080d1094	1
080d10b8	1
080d1106	1
080d1136	1
080d1218	1
080d123c	1
080d124e	1
080d12ca	1
080d1394	1
080d13f6	1
080d141a	1
080d142c	1
080d1514	1
080d1538	1
080d15a4	1
080d15e4	1
080d1610	1
080d17a4	1
080d17c8	1
080d1860	1
080d18d8	1
080d18f8	1
080d1934	1
080d19c0	1
080d1a08	1
080d1a28	1
080d1a64	1
080d1ab0	1
080d1ad2	1
080d1b48	1
080d1b68	1
080d1b9a	1
080d1c20	1
080d1c44	1
080d1c5a	1
080d1d14	1
080d1d90	1
080d1dee	1
080d1e08	1
080d1e32	1
080d1e7e	1
080d2034	1
080d2058	1
080d20e8	1
080d214c	1
080d2176	1
080d2290	1
080d22b0	1
080d2320	1
080d236c	1
080d2398	1
080d239c	1
080d2460	1
080d2480	1
080d24f0	1
080d2514	1
080d255a	1
080d2596	1
080d25d4	1
080d25f8	1
080d2684	1
080d2714	1
080d2750	1
080d2780	1
080d27a0	1
080d27e2	1
080d282c	1
080d289e	1
080d2904	1
080d2a94	1
080d2ab4	1
080d2b2c	1
080d2bdc	1
080d2c00	1
080d2c10	1
080d2c28	1
080d2c40	1
080d2e86	1
080d2ebc	1
080d2edc	1
080d2f3c	1
080d2f70	1
080d2fa0	1
080d2fc2	1
080d2fe0	1
080d2fec	1
080d3004	1
080d3048	1
080d30d0	1
080d30f4	1
080d317c	1
080d31ec	1
080d3240	1
080d325c	1
080d3278	1
080d32c4	1
080d34cc	1
080d34ec	1
080d3500	1
080d358c	1
080d35e0	1
080d35fe	1
080d3620	1
080d3638	1
080d3654	1
080d3678	1
080d369e	1
080d36ce	1
080d385c	1
080d387c	1
080d390a	1
080d39bc	1
080d39e0	1
080d3a7c	1
080d3b08	1
080d3b4e	1
080d3bc2	1
080d3c44	1
080d3c6c	1
080d3cb0	1
080d3ce0	1
080d3d22	1
080d3d68	1
080d3d90	1
080d4088	1
080d40a8	1
080d4144	1
080d4198	1
080d41b6	1
080d41d8	1
080d41e8	1
080d41fc	1
080d4228	1
080d4242	1
080d42b0	1
080d42cc	1
080d42e8	1
080d435c	1
080d4392	1
080d43c0	1
080d43e8	1
080d4440	1
080d4464	1
080d4472	1
080d44d2	1
080d4544	1
080d4570	1
080d458c	1
080d45ae	1
080d45ec	1
080d4604	1
080d46b8	1
080d46d8	1
080d4754	1
080d47c0	1
080d4870	1
080d4888	1
080d489c	0
080d48a8	1
080d48ae	1
080d49a0	1
080d49f6	1
080d4a28	1
080d4a48	1
080d4a98	1
080d4b00	1
080d4b68	1
080d4b88	1
080d4bc0	1
080d4bf6	1
080d4c84	1
080d4ca4	1
080d4d34	1
080d4d88	1
080d4dc8	1
080d4dcc	1
080d4df0	1
080d4e64	1
080d4ebc	1
080d4ee0	1
080d4efc	1
080d5028	1
080d5050	1
080d50c6	1
080d5138	1
080d5160	1
080d51e4	1
080d5240	1
080d5280	1
080d535c	1
080d538c	1
080d53f4	1
080d5448	1
080d5482	1
080d54c0	1
080d5580	1
080d55a4	1
080d55f8	1
080d5740	1
080d5764	1
080d5806	1
080d58b4	1
080d58d8	1
080d592c	1
080d595c	1
080d5994	1
080d5abc	1
080d5ae0	1
080d5b84	1
080d5bcc	1
080d5c48	1
080d5c6c	1
080d5c9a	1
080d5d54	1
080d5d78	1
080d5dc8	1
080d5df4	1
080d5ea8	1
080d5f08	1
080d5f2c	1
080d5fa0	1
080d6020	1
080d6098	1
080d60bc	1
080d6164	1
080d622c	1
080d6250	1
080d62e8	1
080d6364	1
080d655c	1
080d6580	1
080d65e0	1
080d65fc	1
080d6694	1
080d66e2	1
080d677c	1
080d67ec	1
080d6810	1
080d685a	1
080d6874	1
080d688c	1
080d6924	1
080d6944	1
080d6952	1
080d69b8	1
080d6a20	1
080d6a44	1
080d6b28	1
080d6bd4	1
080d6c04	1
080d6c56	1
080d6c88	1
080d6d10	1
080d6d80	1
080d6db0	1
080d6e1e	1
080d6e70	1
080d6ee0	1
080d6f04	1
080d6f74	1
080d6fdc	1
080d7008	1
080d7068	1
080d708c	1
080d7100	1
080d715c	1
080d7186	1
080d7278	1
080d729c	1
080d730a	1
080d7358	1
080d7382	1
080d73ac	1
080d7400	1
080d7420	1
080d74dc	1
080d7578	1
080d75a4	1
080d75fc	1
080d761c	1
080d774c	1
080d77d4	1
080d7878	1
080d787c	1
080d795c	1
080d7996	1
080d79ac	1
080d7a0e	1
080d7a96	1
080d7acc	1
080d7af0	1
080d7b5c	1
080d7bb0	1
080d7be0	1
080d7c6e	1
080d7de4	1
080d7e08	1
080d7e7a	1
080d807c	1
080d80b4	1
080d8172	1
080d825c	1
080d8280	1
080d8310	1
080d837c	1
080d83a0	1
080d83cc	1
080d8444	1
080d8464	1
080d84de	1
080d852c	1
080d8558	1
080d855c	1
080d8620	1
080d8644	1
080d868e	1
080d86b0	1
080d86d2	1
080d8706	1
080d8746	1
080d879c	1
080d87c0	1
080d881c	1
080d884c	1
080d8868	1
080d88e0	1
080d8908	1
080d8988	1
080d8a3c	1
080d8ab6	1
080d8adc	1
080d8b18	1
080d8b52	1
080d8b96	1
080d8c5c	1
080d8c7c	1
080d8cf0	1
080d8d58	1
080d8e10	1
080d8e34	1
080d8eb0	1
080d8ee4	1
080d8f20	1
080d8f64	1
080d8fc4	1
080d8fe4	1
080d9024	1
080d907c	1
080d90ae	1
080d90c8	1
080d9120	1
080d9154	1
080d9178	1
080d91c8	1
080d9210	1
080d9350	1
080d937c	1
080d9434	1
080d9498	1
080d94b8	1
080d94c2	1
080d94e6	1
080d954c	1
080d956c	1
080d95b0	1
080d96a4	1
080d96c8	1
080d9746	1
080d9788	1
080d97ec	1
080d984c	1
080d9870	1
080d98e8	1
080d9930	1
080d995c	1
080d99a4	1
080d9a50	1
080d9a74	1
080d9aba	1
080d9b2c	1
080d9c1c	1
080d9c54	1
080d9cc2	1
080d9d4c	1
080d9d6c	1
080d9e24	1
080d9e94	1
080d9f2c	1
080d9f84	1
080d9fa8	1
080da050	1
080da070	1
080da07c	1
080da108	1
080da15c	1
080da172	1
080da1a4	1
080da1ae	1
080da1c6	1
080da1f8	1
080da248	1
080da266	1
080da290	1
080da2d8	1
080da2ec	1
080da37a	1
080da470	1
080da494	1
080da53a	1
080da58c	1
080da5fc	1
080da620	1
080da662	1
080da68c	1
080da80c	1
080da834	1
080da886	1
080da8ec	1
080da908	1
080da956	1
080da974	1
080daa28	1
080daa48	1
080daa86	1
080daabc	1
080dab22	1
080dab8a	1
080dace4	1
080dad0c	1
080dad84	1
080dade0	1
080dae94	1
080daec4	1
080daf2a	1
080daf74	1
080daf98	1
080db0e4	1
080db108	1
080db148	1
080db198	1
080db1e0	1
080db252	1
080db304	1
080db324	1
080db376	1
080db3b4	1
080db41c	1
080db4b4	1
080db570	1
080db590	1
080db5e8	1
080db6a4	1
080db6d4	1
080db726	1
080db75c	1
080db7b2	1
080db8cc	1
080db8ec	1
080db934	1
080db994	1
080db9b8	1
080dba50	1
080dba7c	1
080dbb40	1
080dbb64	1
080dbc0a	1
080dbc48	1
080dbcec	1
080dbd10	1
080dbda0	1
080dbdbc	1
080dbe4c	1
080dbee6	1
080dbf04	1
080dbfc0	1
080dc000	1
080dc018	1
080dc0ac	1
080dc0e8	1
080dc108	1
080dc160	1
080dc180	1
080dc1a2	1
080dc260	1
080dc280	1
080dc2d4	1
080dc310	1
080dc3f8	1
080dc41c	1
080dc45e	1
080dc484	1
080dc4fc	1
080dc520	1
080dc562	1
080dc588	1
080dc5f8	1
080dc61c	1
080dc668	1
080dc70c	1
080dc730	1
080dc778	1
080dc7fc	1
080dc872	1
080dc92c	1
080dc964	1
080dcb1c	1
080dcb4c	1
080dcb9c	1
080dcbcc	1
080dccd4	1
080dccf8	1
080dcd48	1
080dcd74	1
080dce38	1
080dce5c	1
080dce9e	1
080dcef4	1
080dcf18	1
080dcf88	1
080dcff4	1
080dd0ac	1
080dd0d0	1
080dd15c	1
080dd1ac	1
080dd204	1
080dd22e	1
080dd34c	1
080dd370	1
080dd382	1
080dd438	1
080dd4b0	1
080dd4e8	1
080dd538	1
080dd584	1
080dd764	1
080dd784	1
080dd7fc	1
080dd848	1
080dd87c	1
080dd8d2	1
080dd8f0	1
080dd940	1
080dd970	1
080dda08	1
080dda84	1
080ddaa8	1
080ddb24	1
080ddb98	1
080ddc10	1
080ddc30	1
080ddcf4	1
080ddd30	1
080dddb8	1
080dddf0	1
080dde14	1
080dde82	1
080ddef4	1
080ddf18	1
080ddf86	1
080de000	1
080de024	1
080de080	1
080de13c	1
080de160	1
080de168	1
080de1b8	1
080de1f4	1
080de21a	1
080de266	1
080de2b0	1
080de404	1
080de428	1
080de430	1
080de4ec	1
080de544	1
080de594	1
080de618	1
080de7f4	1
080de818	1
080de8c0	1
080de924	1
080dea7c	1
080deaa0	1
080deaa8	1
080deb1c	1
080deb70	1
080deb94	1
080dec3c	1
080dede0	1
080dee60	1
080dee84	1
080dee8c	1
080deee8	1
080def1c	1
080def3c	1
080defc6	1
080df0a4	1
080df0c8	1
080df132	1
080df188	1
080df1ac	1
080df1fc	1
080df218	1
080df328	1
080df34c	1
080df390	1
080df3cc	1
080df3f0	1
080df41c	1
080df488	1
080df4b0	1
080df4fc	1
080df520	1
080df574	1
080df5a0	1
080df5a4	1
080df5c0	1
080df626	1
080df66a	1
080df6ce	1
080df742	1
080df7d6	1
080df90c	1
080df930	1
080dfa58	1
080dfaa8	1
080dface	1
080dfc38	1
080dfc58	1
080dfc8c	1
080dfce0	1
080dfd38	1
080dfd56	1
080dfe40	1
080dfe64	1
080dfea8	1
080dfee8	1
080dff64	1
080dffb8	1
080dffdc	1
080e002c	1
080e00b0	1
080e0118	1
080e01ee	1
080e0226	1
080e025e	1
080e0548	1
080e0568	1
080e05c4	1
080e0638	1
080e0654	1
080e0668	1
080e0684	1
080e06e0	1
080e0710	1
080e0730	1
080e0754	1
080e07e0	1
080e0844	1
080e0864	1
080e08a6	1
080e08e0	1
080e08fc	1
080e091c	1
080e0954	1
080e0ad4	1
080e0b08	1
080e0b8c	1
080e0c74	1
080e0caa	1
080e0d38	1
080e0df0	1
080e0e10	1
080e0e20	1
080e0fa0	1
080e0fc0	1
080e100a	1
080e1028	1
080e1054	1
080e107c	1
080e10a4	1
080e10c0	1
080e114c	1
080e11fc	1
080e121c	1
080e12ba	1
080e1520	1
080e1540	1
080e1566	1
080e17e8	1
080e1808	1
080e1830	1
080e1854	1
080e1880	1
080e18da	1
080e18f8	1
080e19bc	1
080e19cc	0
080e19dc	1
080e19f4	1
080e1a0c	1
080e1a5e	1
080e1a90	1
080e1ab4	1
080e1afa	1
080e1b0a	1
080e1b48	1
080e1b68	1
080e1bbe	1
080e1bdc	1
080e1c24	1
080e1c66	1
080e1cf8	1
080e1d18	1
080e1d54	1
080e1d72	1
080e1d88	1
080e1dac	1
080e1dfc	1
080e1e0c	1
080e1e4c	1
080e1e70	1
080e1ec6	1
080e1f32	1
080e1fb6	1
080e2080	1
080e20b0	1
080e213c	1
080e21d8	1
080e21f8	1
080e2208	1
080e225c	1
080e2280	1
080e2358	1
080e23a4	1
080e23c4	1
080e23e8	1
080e24b8	1
080e24e4	1
080e2504	1
080e2528	1
080e2566	1
080e25d0	1
080e25f0	1
080e2628	1
080e268c	1
080e269a	1
080e26d8	1
080e28a8	1
080e28c8	1
080e292c	1
080e29e6	1
080e29f8	1
080e2a30	1
080e2a64	1
080e2a9a	1
080e2ae8	1
080e2b08	1
080e2b2c	1
080e2b5a	1
080e2b7c	1
080e2b9c	1
080e2bc0	1
080e2be0	1
080e2c08	1
080e2c70	1
080e2ca4	1
080e2cc4	1
080e2ce8	1
080e2d08	1
080e2d30	1
080e2d54	1
080e2d76	1
080e2e34	1
080e2e54	1
080e2e78	1
080e2e94	1
080e2ebc	1
080e2f24	1
080e2f56	1
080e2f74	1
080e2f8c	1
080e2fe0	1
080e309c	1
080e30bc	1
080e30e0	1
080e3128	1
080e3150	1
080e3174	1
080e318e	1
080e31d8	1
080e31f8	1
080e321c	1
080e3242	1
080e32b8	1
080e32d8	1
080e336e	1
080e33d2	1
080e342c	1
080e344c	1
080e3470	1
080e349e	1
080e34c0	1
080e34e0	1
080e3504	1
080e353e	1
080e358c	1
080e359e	1
080e35a4	1
080e35c4	1
080e35e8	1
080e3728	1
080e3748	1
080e376c	1
080e37f4	1
080e3824	1
080e386a	1
080e38c8	1
080e38ee	1
080e3904	1
080e3930	1
080e3950	1
080e3962	1
080e39a0	1
080e39d0	1
080e3a32	1
080e3a74	1
080e3ab8	1
080e3ad8	1
080e3afc	1
080e3b50	1
080e3b70	1
080e3b94	1
080e3bea	1
080e3c14	1
080e3cc4	1
080e3d68	1
080e3d90	1
080e3de0	1
080e3e34	1
080e3e38	1
080e3eb4	1
080e3edc	1
080e3efc	1
080e3f2a	1
080e3f6c	1
080e3fd0	1
080e3ffc	1
080e403e	1
080e40ec	1
080e410c	1
080e4130	1
080e4164	1
080e4188	1
080e41a8	1
080e41cc	1
080e41f0	1
080e4220	1
080e4266	1
080e4288	1
080e4344	1
080e4364	1
080e43a8	1
080e440c	1
080e442c	1
080e4450	1
080e4470	1
080e44bc	1
080e44e0	1
080e4634	1
080e4654	1
080e4678	1
080e46b6	1
080e46d8	1
080e46f8	1
080e475c	1
080e4790	1
080e47b4	1
080e47d4	1
080e47f8	1
080e4848	1
080e4868	1
080e48c0	1
080e48f0	1
080e4910	1
080e4930	1
080e4954	1
080e49a2	1
080e4a1c	1
080e4a4c	1
080e4a6e	1
080e4aae	1
080e4b88	1
080e4b9e	1
080e4bc0	1
080e4bd4	1
080e4cb8	1
080e4cdc	1
080e4d1e	1
080e4db0	1
080e4dd0	1
080e4e84	1
080e4eb8	1
080e4ec8	1
080e4f18	1
080e4fb6	1
080e4fca	1
080e50c4	1
080e50e4	1
080e50fe	1
080e5244	1
080e5264	1
080e527a	1
080e52b0	1
080e5304	1
080e5314	1
080e5470	1
080e5494	1
080e54dc	1
080e54fc	1
080e5546	1
080e557a	1
080e55c0	1
080e55e0	1
080e5600	1
080e566c	1
080e569c	1
080e5710	1
080e5734	1
080e57a0	1
080e57bc	1
080e5872	1
080e5944	1
080e5964	1
080e5988	1
080e59c6	1
080e59e8	1
080e5a08	1
080e5a22	1
080e5a64	1
080e5b60	1
080e5c2c	1
080e5c4c	1
080e5ca0	1
080e5d44	1
080e5d68	1
080e5daa	1
080e5e00	1
080e5e20	1
080e5e44	1
080e5ea8	1
080e5ecc	1
080e5eec	1
080e5f10	1
080e5f78	1
080e5f9c	1
080e5fbc	1
080e5fdc	1
080e6000	1
080e6088	1
080e60a8	1
080e60cc	1
080e60ec	1
080e6180	1
080e619e	1
080e6254	1
080e6274	1
080e6298	1
080e62b4	1
080e62d2	1
080e6338	1
080e636a	1
080e63d0	1
080e6480	1
080e64a0	1
080e64c4	1
080e64e8	1
080e655c	1
080e6580	1
080e65e0	1
080e6600	1
080e6644	1
080e667c	1
080e6758	1
080e6778	1
080e679c	1
080e67e6	1
080e680c	1
080e682c	1
080e6850	1
080e689c	1
080e68bc	1
080e68dc	1
080e68f8	1
080e6924	1
080e6a90	1
080e6ab0	1
080e6ad0	1
080e6af0	1
080e6b36	1
080e6b64	1
080e6bdc	1
080e6bfc	1
080e6c1c	1
080e6c34	1
080e6e44	1
080e6e64	1
080e6e74	1
080e6ea0	1
080e6f88	1
080e6fa8	1
080e6fcc	1
080e7008	1
080e702c	1
080e704c	1
080e7070	1
080e70a6	1
080e70c8	1
080e70f8	1
080e7142	1
080e71c4	1
080e71e4	1
080e7208	1
080e723e	1
080e7260	1
080e7280	1
080e72a4	1
080e72c8	1
080e7394	1
080e73a2	1
080e7450	1
080e7464	1
080e74d4	1
080e74f4	1
080e7518	1
080e7546	1
080e7568	1
080e7588	1
080e75ac	1
080e7600	1
080e7624	1
080e7644	1
080e7668	1
080e76d4	1
080e76f8	1
080e7718	1
080e7756	1
080e7788	1
080e77b8	1
080e7816	1
080e78bc	1
080e78e0	1
080e792a	1
080e795c	1
080e798c	1
080e79ce	1
080e7a50	1
080e7a66	1
080e7acc	1
080e7afc	1
080e7b4a	1
080e7bfc	1
080e7c1c	1
080e7c40	1
080e7ca8	1
080e7ccc	1
080e7cec	1
080e7d6a	1
080e7d80	1
080e7dc4	1
080e7de4	1
080e7e08	1
080e7e9c	1
080e7ebc	1
080e7ee0	1
080e7f16	1
080e7f38	1
080e7f58	1
080e7f80	1
080e7fba	1
080e7fdc	1
080e7ffc	1
080e8020	1
080e8058	1
080e807c	1
080e809c	1
080e80e0	1
080e8138	1
080e8158	1
080e817c	1
080e81b4	1
080e81d8	1
080e81f8	1
080e821c	1
080e8268	1
080e8288	1
080e829e	1
080e82c0	1
080e82d4	1
080e83b8	1
080e83d8	1
080e83fc	1
080e857c	1
080e859c	1
080e85a8	1
080e8688	1
080e86ac	1
080e86f6	1
080e8794	1
080e87b8	1
080e8802	1
080e88a0	1
080e88c0	1
080e88d8	1
080e8938	1
080e895c	1
080e89ba	1
080e8a60	1
080e8a80	1
080e8aa4	1
080e8adc	1
080e8b00	1
080e8b20	1
080e8b44	1
080e8b64	1
080e8b70	1
080e8bb0	1
080e8bc0	1
080e8df0	1
080e8e10	1
080e8e18	1
080e8e34	1
080e8e82	1
080e8e92	1
080e8ee0	1
080e8f00	1
080e8f5c	1
080e8f74	1
080e8fe0	1
080e9000	1
080e9024	1
080e9048	1
080e9074	1
080e90b0	1
080e90ce	1
080e9120	1
080e9140	1
080e9164	1
080e91b8	1
080e91e4	1
080e9204	1
080e922c	1
080e924c	1
080e9272	1
080e92c4	1
080e92ee	1
080e9310	1
080e9330	1
080e9354	1
080e9378	1
080e93a0	1
080e93f2	1
080e9412	1
080e943e	1
080e9460	1
080e9480	1
080e9498	1
080e94dc	1
080e9570	1
080e9590	1
080e95b4	1
080e95d8	1
080e96c6	1
080e9714	1
080e9784	1
080e979c	1
080e97f0	1
080e9810	1
080e98de	1
080e991c	1
080e9994	1
080e99b4	1
080e99c0	1
080e9af0	1
080e9b14	1
080e9b56	1
080e9c88	1
080e9ca8	1
080e9cba	1
080e9df0	1
080e9e10	1
080e9e2c	1
080e9ea0	1
080ea010	1
080ea030	1
080ea03c	1
080ea05c	1
080ea0a0	1
080ea0ec	1
080ea10a	1
080ea11c	1
080ea14c	1
080ea170	1
080ea1bc	1
080ea258	1
080ea26c	0
080ea278	0
080ea288	0
080ea2a4	1
080ea31e	1
080ea364	1
080ea384	1
080ea3a4	1
080ea460	1
080ea484	1
080ea734	1
080ea7b0	0
080eac5c	1
080eac60	0
080eaddc	1
080eae28	1
080eaf36	1
080eb04c	1
080eb088	1
080eb128	1
080eb194	1
080eb1c4	1
080eb1f8	1
080eb254	1
080eb2dc	1
080eb3dc	1
080eb436	1
080eb450	1
080eb502	1
080eb628	1
080eb644	1
080eb758	1
080eb776	1
080eb79c	1
080eb84c	1
080eb862	1
080ebb98	1
080ebbe2	1
080ebc0e	1
080ebc28	1
080ebd3c	1
080ebd9c	1
080ebe00	1
080ebe20	1
080ebe54	1
080ebeb2	1
080ebf10	1
080ebf30	1
080ebf6e	1
080ebff4	1
080ec02a	1
080ec044	1
080ec0c0	1
080ec0e6	1
080ec104	1
080ec11c	1
080ec1c4	1
080ec1f0	1
080ec210	1
080ec2a4	1
080ec2ea	1
080ec350	1
080ec39c	1
080ec44c	1
080ec45e	1
080ec490	1
080ec556	1
080ec5bc	1
080ec5ec	1
080ec67e	1
080ec7a6	1
080ec7c0	1
080ec81e	1
080ec844	1
080ec884	1
080ec8a0	1
080ec90e	1
080ec960	1
080ec97c	1
080eca0c	1
080eca34	1
080eca50	1
080ecaa4	1
080ecaca	1
080ecae8	1
080ecb28	1
080ecb84	1
080ecbb0	1
080ecbcc	1
080ecc60	1
080eccb0	1
080ecccc	1
080ecd28	1
080ecd44	1
080ecdd6	1
080ecdfc	1
080ece18	1
080ecebc	1
080ecf2e	1
080ecf48	1
080ecf8e	1
080ed090	1
080ed0ac	1
080ed118	1
080ed13e	1
080ed154	1
080ed25c	1
080ed278	1
080ed2f8	1
080ed314	1
080ed374	1
080ed394	1
080ed3b6	1
080ed41c	1
080ed454	1
080ed470	1
080ed52c	1
080ed55c	1
080ed57c	1
080ed5be	1
080ed61c	1
080ed64c	1
080ed668	1
080ed6e6	1
080ed700	1
080ed748	1
080ed764	1
080ed7a2	1
080ed810	1
080ed82c	1
080ed896	1
080ed8c4	1
080ed8e0	1
080ed924	1
080ed998	1
080ed9ae	1
080ed9cc	1
080eda0e	1
080edaba	1
080edae0	1
080edb14	1
080edbcc	1
080edc78	1
080edcc0	1
080edcdc	1
080edd5c	1
080edd80	1
080edda0	1
080edde0	1
080eddfc	1
080ede7e	1
080ede98	1
080edef6	1
080edf0c	1
080edf5c	1
080edf78	1
080edfc0	1
080ee044	1
080ee060	1
080ee0bc	1
080ee0dc	1
080ee110	1
080ee162	1
080ee192	1
080ee1ac	1
080ee274	1
080ee2a0	1
080ee2c0	1
080ee2ce	1
080ee33a	1
080ee34a	1
080ee370	1
080ee3f0	1
080ee406	1
080ee50c	1
080ee532	1
080ee55e	1
080ee57c	1
080ee5a8	1
080ee604	1
080ee634	1
080ee654	1
080ee66e	1
080ee6a4	1
080ee6fc	1
080ee71c	1
080ee748	1
080ee7a0	1
080ee7d0	1
080ee7ec	1
080ee840	1
080ee860	1
080ee89c	1
080ee90c	1
080ee92c	1
080ee996	1
080ee9f2	1
080eea3c	1
080eea5c	1
080eea78	1
080eeb18	1
080eeb4c	1
080eeb68	1
080eebe2	1
080eec70	1
080eec90	1
080eeccc	1
080eed30	1
080eed56	1
080eed74	1
080eedde	1
080eee10	1
080eee60	1
080eee88	1
080eeed4	1
080eef02	1
080eef70	1
080eefa4	1
080eefdc	1
080ef004	1
080ef0b4	1
080ef0e2	1
080ef14a	1
080ef1ae	1
080ef1ec	1
080ef208	1
080ef248	1
080ef282	1
080ef29c	1
080ef328	1
080ef348	1
080ef3a0	1
080ef47a	1
080ef4b4	1
080ef4d0	1
080ef534	1
080ef550	1
080ef608	1
080ef62e	1
080ef648	1
080ef6fc	1
080ef7d8	0
080ef7e2	1
080ef7fc	1
080ef87c	1
080ef970	1
080ef990	1
080ef9a2	1
080efa30	1
080efa56	1
080efa74	1
080efb0c	1
080efba0	1
080efc1c	1
080efc38	1
080efc8e	1
080efcb4	1
080efcd8	1
080efd5e	1
080efdb2	1
080efe7c	1
080efeac	1
080efee0	1
080eff00	1
080eff28	1
080f0068	1
080f0094	1
080f00b0	1
080f00f2	1
080f0110	1
080f014c	1
080f01e8	1
080f020e	1
080f0228	1
080f0262	1
080f0354	1
080f0606	1
080f06ce	1
080f070e	1
080f0728	1
080f0754	1
080f0778	1
080f0798	1
080f0832	1
080f0898	1
080f094c	1
080f0968	1
080f0990	1
080f09b8	1
080f09dc	1
080f0a7a	1
080f0ab6	1
080f0b0e	1
080f0c48	1
080f0c64	1
080f0c8c	1
080f0cb0	1
080f0cd4	1
080f0d08	1
080f0d64	1
080f0dec	1
080f0fb4	1
080f0fd4	1
080f0ff8	1
080f1032	1
080f1056	1
080f1074	1
080f10a0	1
080f10ce	1
080f1198	1
080f11bc	1
080f1284	1
080f12ac	1
080f1310	1
080f1334	1
080f1350	1
080f1390	1
080f153c	1
080f1558	1
080f15aa	1
080f15ce	1
080f15fc	1
080f162c	1
080f1694	1
080f16b4	1
080f16e0	1
080f172c	1
080f1756	1
080f17c4	1
080f17e4	1
080f1808	1
080f1888	1
080f18ac	1
080f18cc	1
080f1902	1
080f194c	1
080f19d4	1
080f19f0	1
080f1a1e	1
080f1a46	1
080f1a60	1
080f1ab6	1
080f1ba8	1
080f1bc4	1
080f1bf4	1
080f1c1c	1
080f1c48	1
080f1c78	1
080f1d30	1
080f1d6c	1
080f1d9a	1
080f1de4	1
080f1f18	1
080f1f34	1
080f1f7c	1
080f1fa0	1
080f1fc0	1
080f2004	1
080f204e	1
080f20f8	1
080f2124	1
080f2142	1
080f2180	1
080f21fc	1
080f222c	1
080f2268	1
080f2274	1
080f2290	1
080f22c2	1
080f2330	1
080f2354	1
080f28c0	1
080f29d8	1
080f2a04	1
080f2a16	1
080f2a1e	1
080f2b48	1
080f2b6c	1
080f2bee	1
080f2c82	1
080f2c90	1
080f2dbc	0
080f2ed4	1
080f2ef4	1
080f2f54	1
080f2f80	1
080f2fba	1
080f2fe4	1
080f3040	1
080f306c	1
080f308e	1
080f30b2	1
080f3104	1
080f3124	1
080f315c	1
080f3180	1
080f31ee	1
080f3230	1
080f32bc	1
080f3312	1
080f336c	1
080f3396	1
080f3400	1
080f3428	1
080f3460	1
080f3472	1
080f34ec	1
080f3518	1
080f3546	1
080f357c	1
080f35e4	1
080f3628	1
080f367e	1
080f36a2	1
080f3704	1
080f3784	1
080f3a04	1
080f3a24	1
080f3b24	1
080f3d24	1
080f3d44	1
080f3dc0	1
080f3e0a	1
080f3e2a	1
080f3e48	1
080f3e7a	1
080f3ea2	1
080f3ec6	1
080f3ef0	1
080f3f24	1
080f3fb0	1
080f4008	1
080f404e	1
080f40b4	1
080f40d8	1
080f4108	1
080f4144	1
080f41c0	1
080f420a	1
080f422c	1
080f4256	1
080f4274	1
080f4298	1
080f42c8	1
080f42f6	1
080f4384	1
080f43dc	1
080f441c	1
080f44e4	1
080f455c	1
080f45b8	1
080f4658	1
080f48c8	1
080f48e8	1
080f494c	0
080f4964	1
080f4c24	1
080f4c44	1
080f4cb4	1
080f4cfa	1
080f4d1e	1
080f4d50	1
080f4dc4	1
080f4df8	1
080f4e44	1
080f4ecc	1
080f4f14	1
080f4f88	1
080f4fa8	1
080f4ffe	1
080f5028	1
080f50a0	1
080f50e2	1
080f5168	1
080f5208	1
080f5260	1
080f5280	1
080f52a8	1
080f531c	1
080f5366	1
080f5390	1
080f53ca	1
080f53ea	1
080f5484	1
080f5518	1
080f55ac	1
080f55d0	0
080f5928	1
080f594c	1
080f59e8	1
080f59fe	1
080f5a1a	1
080f5b84	1
080f5ba4	1
080f5c00	1
080f5c2c	1
080f5c66	1
080f5c90	1
080f5cf0	1
080f5d1c	1
080f5d3e	1
080f5d74	1
080f5dae	1
080f5dd2	1
080f5e18	1
080f5e70	1
080f5e9c	1
080f5ebe	1
080f5ede	1
080f5f26	1
080f5f98	1
080f5fc0	1
080f5fd4	1
080f5ff4	1
080f602e	1
080f6052	1
080f60a0	1
080f60c4	1
080f6154	1
080f61b6	1
080f61e4	1
080f648c	1
080f64b0	1
080f64e6	1
080f64f4	1
080f650a	1
080f651c	1
080f6560	1
080f66ec	1
080f6704	1
080f6724	1
080f6748	1
080f678e	1
080f67b6	1
080f6880	1
080f68c4	1
080f68f8	1
080f6908	1
080f695c	1
080f6994	1
080f6a5c	1
080f6abc	1
080f6b94	1
080f6bb8	1
080f6bea	1
080f6c10	1
080f6c1c	1
080f6c76	1
080f6c96	1
080f6da0	1
080f6de4	1
080f6e0c	1
080f6e20	1
080f6e76	1
080f6ea6	1
080f6f7c	1
080f6fd0	1
080f6fec	1
080f70a0	1
080f7670	1
080f7690	1
080f76f4	1
080f79f0	1
080f7a10	1
080f7a6c	1
080f7a98	1
080f7ad2	1
080f7afc	1
080f7b70	1
080f7b9c	1
080f7bbe	1
080f7bde	1
080f7c3a	1
080f7c5e	1
080f7c8c	1
080f7cf0	1
080f7d1c	1
080f7d34	1
080f7dba	1
080f7e30	1
080f7e68	1
080f7ea6	1
080f7ed8	1
080f7f1e	1
080f7f7c	1
080f7fa2	1
080f7fc2	1
080f8014	1
080f803e	1
080f8094	1
080f811a	1
080f81c0	1
080f8256	1
080f8428	1
080f8448	1
080f8540	1
080f8578	0
080f870c	1
080f872c	1
080f8794	1
080f87da	1
080f87fe	1
080f882c	1
080f8890	1
080f88bc	1
080f88da	1
080f8914	1
080f8962	1
080f8972	1
080f8996	1
080f89c0	1
080f8a1c	1
080f8a48	1
080f8a66	1
080f8a9c	1
080f8b20	1
080f8b44	1
080f8b74	1
080f8bd8	1
080f8c04	1
080f8c22	1
080f8c4c	1
080f8c7a	1
080f8cca	1
080f8cf8	1
080f8d3e	1
080f8da8	1
080f8dfe	1
080f8fe0	1
080f9000	1
080f9088	1
080f92d0	1
080f92f0	1
080f9358	1
080f939e	1
080f93c2	1
080f93e8	1
080f945c	1
080f94a2	1
080f94d8	1
080f9518	1
080f953c	1
080f9560	1
080f95d4	1
080f961a	1
080f96a0	1
080f96c2	1
080f96ec	1
080f9716	1
080f975a	1
080f97c0	1
080f98c0	1
080f9932	1
080f993a	1
080f9980	1
080f9992	1
080f9d74	1
080f9d94	1
080f9de4	1
080f9df2	1
080fa0b0	1
080fa0d0	1
080fa144	1
080fa18a	1
080fa1ae	1
080fa1d8	1
080fa22a	1
080fa284	1
080fa31e	1
080fa37c	1
080fa3fa	1
080fa41e	1
080fa44c	1
080fa4bc	1
080fa4fe	1
080fa540	1
080fa5b4	1
080fa644	1
080fa6b0	1
080fa6d4	1
080fa708	1
080fa780	1
080fa7c2	1
080fa7f2	1
080fa81e	1
080fa8f0	1
080fa968	1
080fa9e0	1
080faa04	1
080faaac	1
080fadd0	1
080fadf0	1
080fae54	1
080fae5c	1
080fae60	1
080fb114	1
080fb134	1
080fb19c	1
080fb1e2	1
080fb206	1
080fb230	1
080fb2a4	1
080fb2ea	1
080fb30e	1
080fb366	1
080fb3ca	1
080fb3f8	1
080fb424	1
080fb494	1
080fb4da	1
080fb4fe	1
080fb540	1
080fb594	1
080fb5e0	1
080fb650	1
080fb696	1
080fb6c0	1
080fb700	1
080fb724	1
080fb76a	1
080fb7b4	1
080fb812	1
080fb9dc	1
080fba0c	1
080fba24	1
080fba9a	1
080fbb34	1
080fbbca	1
080fbc8a	1
080fbca2	1
080fc074	1
080fc094	1
080fc0ec	1
080fc118	1
080fc152	1
080fc17c	1
080fc1dc	1
080fc208	1
080fc226	1
080fc26a	1
080fc2dc	1
080fc302	1
080fc338	1
080fc398	1
080fc3c4	1
080fc3e2	1
080fc444	1
080fc4d2	1
080fc51c	1
080fc58e	1
080fc5ae	1
080fc5fa	1
080fc628	1
080fc684	1
080fc6ac	1
080fc6bc	1
080fc700	1
080fc772	1
080fc792	1
080fc7e6	1
080fc810	1
080fc86c	1
080fc898	1
080fc8b6	1
080fc8fe	1
080fc9a2	1
080fc9c8	1
080fc9f8	1
080fca4e	1
080fcac0	1
080fcb64	1
080fcc02	1
080fcc22	1
080fcc4c	1
080fccbc	1
080fcd92	1
080fcdba	1
080fcdde	1
080fd138	1
080fd158	1
080fd240	1
080fd4c8	1
080fd4e8	1
080fd548	1
080fd574	1
080fd5ae	1
080fd5d8	1
080fd638	1
080fd664	1
080fd682	1
080fd6a6	1
080fd6f4	1
080fd718	1
080fd748	1
080fd7a8	1
080fd7d4	1
080fd7f2	1
080fd822	1
080fd852	1
080fd8b0	1
080fd8d4	1
080fd904	1
080fd960	1
080fd98c	1
080fd9aa	1
080fd9ce	1
080fda0e	1
080fda3e	1
080fda62	1
080fdac4	1
080fdb80	0
080fdb84	1
080fdbcc	1
080fdde4	1
080fde04	1
080fdec4	1
080fdefc	1
080fdf38	1
080fe0d4	1
080fe0f8	1
080fe130	1
080fe1b4	1
080fe1fe	1
080fe21e	1
080fe240	1
080fe284	1
080fe2a8	1
080fe30c	1
080fe330	1
080fe354	1
080fe394	1
080fe3ec	1
080fe42e	1
080fe452	1
080fe46c	1
080fe4ac	1
080fe4d0	1
080fe8c4	1
080fe8e4	1
080fe950	1
080fe958	1
080feaf4	0
080fec90	1
080fecb4	1
080fed28	1
080fedcc	1
080fedf0	1
080fee14	1
080fee44	1
080feeb8	1
080fef50	1
080fef60	1
080fefa4	1
080feffa	1
080ff01e	1
080ff042	1
080ff068	1
080ff0dc	1
080ff174	1
080ff1a2	1
080ff220	1
080ff248	1
080ff284	1
080ff2e4	1
080ff322	1
080ff378	1
080ff3c4	1
080ff40a	1
080ff42e	1
080ff46a	1
080ff4a0	1
080ff504	1
080ff528	1
080ff614	1
080ff668	1
080ff8e4	1
080ff904	1
080ffa1a	1
080ffa22	1
080ffa9c	0
080ffb88	1
080ffba8	1
080ffc18	1
080ffc5e	1
080ffc82	1
080ffca8	1
080ffd20	1
080ffd6a	1
080ffdac	1
080ffdf8	1
080ffe26	1
080ffe48	1
080ffe72	1
080ffec0	1
080ffee4	1
080fff08	1
080fff24	1
080fff84	1
080fffbc	1
08100010	0
08100070	1
081002e8	1
08100308	1
081003a8	1
081003ac	1
08100558	0
0810075c	1
0810077c	1
081007e4	1
0810082a	1
0810084e	1
08100870	1
08100894	1
081008c2	1
08100920	1
08100944	1
08100968	1
08100996	1
081009e8	1
08100a08	1
08100a2c	1
08100a5c	1
08100acc	1
08100b04	1
08100b2c	1
08100b72	1
08100ba6	1
08100bc6	1
08100c1c	1
08100c48	1
08100cb8	1
08100cfe	1
08100d2c	1
08100d6a	1
08100db2	1
08100dd6	1
08100df8	1
08100e26	1
08100e54	1
08100e78	1
08100e9c	1
08100ec0	1
08100eee	1
08100f0e	1
08100f38	1
08100f5c	1
08100f8a	1
0810102a	1
08101360	1
0810138c	1
081013aa	1
0810141e	0
0810144a	1
08101456	1
0810146a	1
08101472	1
08101580	0
081015d4	0
08101a68	1
08101aa0	1
08101ad4	1
08101b90	1
08101c3a	1
08101cc0	1
08101e24	1
08101e4a	1
08101e70	1
08101e96	1
08101ebc	1
08101ee2	1
0810214a	1
08102154	1
08102290	1
081022b0	1
081022e4	1
081023a0	1
081023c0	1
08102428	1
08102488	1
081024aa	1
081024cc	1
081024ee	1
08102510	1
08102544	1
08102562	1
08102588	1
081025a8	1
081025da	1
08102636	1
08102660	1
08102680	1
081026ee	1
08102772	1
081027a4	1
081027c4	1
081027f4	1
08102864	1
08102896	1
081028b4	1
081028fe	1
0810293c	1
08102962	1
0810298c	1
081029aa	1
081029ce	1
08102a1c	1
08102a6e	1
08102af2	1
08102c38	1
08102ee2	1
08102f5c	1
08102f98	1
08102ff4	1
08103038	1
081030a0	1
081030c0	1
08103110	1
0810313c	1
08103176	1
081031a0	1
08103200	1
0810322c	1
0810324e	1
08103286	1
081032d0	1
081032f4	1
08103320	1
08103380	1
081033ac	1
081033ce	1
081033f6	1
08103452	1
08103476	1
0810349c	1
081034fc	1
08103528	1
0810354a	1
0810357a	1
0810359e	1
081035d8	1
08103634	1
08103660	1
08103682	1
081036a6	1
081036f0	1
08103754	1
08103774	1
0810379e	1
081037e4	1
08103808	1
081038a4	1
081038fe	1
08103936	1
08103cb0	1
08103cd0	1
08103d4c	1
08103db4	0
08103dfa	1
08103e06	1
08103e12	1
08103e1e	1
08103f4c	0
08104188	1
081041b0	1
081041d6	1
08104238	1
08104258	1
08104290	1
0810430e	1
08104340	1
08104366	1
081043c8	1
081043e8	1
08104420	1
08104474	1
081044aa	1
08104500	1
0810452a	1
0810455c	1
08104586	1
081045e8	1
08104608	1
08104640	1
08104694	1
081046f6	1
08104758	1
0810478c	1
081047c0	1
0810480a	1
08104832	1
0810486a	1
081048aa	1
08104998	1
081049c0	1
08104a30	1
08104aa2	1
08104ac4	1
08104b04	1
08104b68	1
08104bc2	1
08104bea	1
08104c18	1
08104c70	1
08104c94	1
08104cc6	1
08104d5e	1
08104dc8	1
08104e36	1
08104e98	1
08104ef4	0
08104ef8	1
08104f68	0
08104f6c	1
08104f90	0
081054b8	1
081054d8	1
08105554	1
081055cc	0
08105618	1
08105624	1
08105630	1
0810563c	1
08105768	0
08105970	1
08105994	1
081059c0	1
08105a2c	1
08105a72	1
08105a96	1
08105ac4	1
08105af6	1
08105b4a	1
08105b84	1
08105bbe	1
08105c10	1
08105c72	1
08105c96	1
08105cc0	1
08105cec	1
08105d5c	1
08105da2	1
08105de6	1
08105e3c	1
08105e60	1
08105e88	1
08105eb4	1
08105f20	1
08105f66	1
08105fc2	1
08105fe6	1
08106014	1
0810604a	1
0810609e	1
081060d8	1
0810610a	1
08106162	1
081061b2	1
081061d6	1
08106208	1
08106238	1
08106274	1
0810629c	1
081062f8	1
08106380	1
081063a4	1
081063f4	1
08106418	1
08106460	1
0810649e	1
081064c0	0
081064c4	1
081064d8	0
081064dc	1
08106924	1
0810694c	1
08106964	1
081069b4	1
08106a22	1
08106af4	0
08106bb4	0
08106dec	1
08106e0c	1
08106e68	1
08106e94	1
08106ece	1
08106efc	1
08106f5c	1
08106f84	1
08106fa6	1
08106fe6	1
08107030	1
08107050	1
081070a8	1
081070c8	1
081070ec	1
08107156	1
08107184	1
081071c0	1
0810721c	1
08107244	1
08107258	1
08107278	1
081072b8	1
081072fe	1
0810733e	1
08107388	1
081073a8	1
081073f6	1
08107438	1
0810749c	1
081074c4	1
081074d8	1
08107518	1
08107568	1
081075e8	1
08107610	1
08107624	1
08107644	1
081076ce	1
081076ee	1
08107750	1
0810777c	1
081077cc	1
081077f8	1
08107816	1
08107856	1
0810789e	1
081078c2	1
08107914	1
08107970	1
08107994	1
08107c4c	1
08107c7c	1
08107c94	1
08107cf0	1
08107d62	1
08107dd4	1
08107e66	1
08107e72	1
08107ff0	0
0810821c	1
0810823c	1
08108298	1
081082c4	1
081082fe	1
0810831c	1
08108352	1
081083a2	1
081083c6	1
081083e8	1
08108408	1
08108454	1
0810849c	1
081084c0	1
081084fc	1
08108558	1
08108580	1
081085a2	1
081085c2	1
08108602	1
08108648	1
08108688	1
081086dc	1
081086fc	1
0810874a	1
0810878c	1
081087f0	1
08108818	1
0810883a	1
0810887a	1
081088ca	1
0810893c	1
08108964	1
08108986	1
081089a6	1
08108a3a	1
08108a5a	1
08108abc	1
08108ae8	1
08108b38	1
08108b64	1
08108b82	1
08108bc2	1
08108bec	1
08108c10	1
08108cba	1
08108cde	1
08108f50	1
08108f74	1
0810962a	1
081097b4	1
081097ba	1
081097d6	1
081097dc	1
08109804	1
08109820	1
0810986e	1
08109952	1
08109974	1
08109998	1
081099da	1
08109a50	1
08109b64	1
08109b9c	1
08109bb8	1
08109bc0	1
08109cbc	1
08109ce6	1
08109d08	1
08109d70	1
08109d98	1
08109dba	1
08109dd2	1
08109dec	1
08109e4a	1
08109e7a	1
08109e98	1
08109ec4	1
08109ee4	1
08109f4c	1
08109f6a	1
08109f7e	1
08109f8a	1
08109f96	1
08109fc4	1
08109fd6	1
0810a004	1
0810a080	1
0810a0ba	1
0810a0d4	1
0810a0ee	1
0810a126	1
0810a204	1
0810a21a	1
0810a254	1
0810a3ac	1
0810a3dc	1
0810a438	1
0810a462	1
0810a49c	1
0810a4d0	1
0810a50c	1
0810a51e	1
0810a5c2	1
0810a5d6	1
0810a5ea	1
0810a610	1
0810a648	1
0810a6c0	1
0810a724	1
0810a92c	1
0810a94c	1
0810a9ae	1
0810aa72	1
0810aa90	1
0810aad0	1
0810aae6	1
0810ab40	1
0810ab8c	1
0810abd0	1
0810abf6	1
0810ac34	1
0810acc4	1
0810ad10	1
0810ad88	1
0810af50	1
0810af90	1
0810afd4	1
0810b042	1
0810b058	1
0810b06a	1
0810b090	1
0810b0b8	1
0810b13e	1
0810b15c	1
0810b172	1
0810b198	1
0810b1f4	1
0810b244	1
0810b270	1
0810b2ae	1
0810b30c	1
0810b338	1
0810b350	1
0810b36c	1
0810b3cc	1
0810b3e4	1
0810b436	1
0810b49c	1
0810b65e	1
0810b6b4	1
0810b878	1
0810b8ec	1
0810b964	1
0810b9aa	1
0810bbf6	1
0810bc10	1
0810bc2a	1
0810bc44	1
0810bca0	1
0810bcbc	1
0810bcfc	1
0810bd3c	0
0810be2a	1
0810be74	1
0810be8e	1
0810bfb8	1
0810bfe0	1
0810c05c	1
0810c070	1
0810c0e4	1
0810c1d8	1
0810c1f4	1
0810c212	1
0810c2b2	1
0810c448	1
0810c46c	1
0810c4b4	1
0810c4ee	1
0810c508	1
0810c524	1
0810c544	1
0810c604	1
0810c686	1
0810c720	1
0810c72e	1
0810c754	1
0810c776	1
0810c7b6	1
0810c850	1
0810c9b8	1
0810c9f4	1
0810ca4c	1
0810ca8e	1
0810cb14	1
0810cb2a	1
0810cb78	1
0810cc0a	1
0810cc54	1
0810ccdc	1
0810cdc0	1
0810cdea	1
0810ce1a	1
0810ceae	1
0810cf40	1
0810cf46	1
0810d118	1
0810d130	1
0810d150	1
0810d168	1
0810d258	1
0810d280	1
0810d2e4	1
0810d34c	1
0810d378	1
0810d3ea	1
0810d414	1
0810d41e	1
0810d444	1
0810d44e	1
0810d466	1
0810d590	1
0810d5a6	1
0810d5ce	1
0810d5f6	1
0810d61e	1
0810d69a	1
0810d7e4	1
0810d808	1
0810d8b2	1
0810d8ea	1
0810d940	1
0810d970	1
0810d998	1
0810d9c4	1
0810da00	1
0810da24	1
0810da4c	1
0810daaa	1
0810dae4	1
0810de00	1
0810de3c	1
0810de96	1
0810e17a	1
0810e1bc	1
0810e1f0	1
0810e262	1
0810e2a6	1
0810e37a	1
0810e386	1
0810e4d4	1
0810e4f0	1
0810e54e	1
0810e57c	1
0810e5b0	1
0810e5f4	1
0810e63c	1
0810e666	1
0810e6d2	1
0810e6e2	1
0810e6f6	1
0810e81e	1
0810e854	1
0810e8da	1
0810e928	1
0810e97a	1
0810e9b6	1
0810e9d4	1
0810ea3e	1
0810ea4e	1
0810ea70	1
0810eaa2	1
0810eaa6	1
0810eade	1
0810eb76	1
0810ed70	1
0810edb8	1
0810ee04	1
0810ee3e	1
0810ee64	1
0810f040	1
0810f090	1
0810f0c0	1
0810f0d8	1
0810f1f2	1
0810f2ec	1
0810f310	1
0810f33c	1
0810f376	1
0810f3f8	1
0810f402	1
0810f434	1
0810f44c	1
0810f5d0	1
0810f660	1
0810f6c4	1
0810f770	1
0810f7ec	1
0810f898	1
0810f96c	1
0810fd70	1
0810fd90	1
0810fdb0	1
0810fdd0	1
0810fdf0	1
0810fe18	1
0810fe5c	1
0810ff1c	1
0810ff68	1
081100b0	1
081100e2	1
08110254	1
0811037c	1
081103a0	1
08110416	1
0811046a	1
081104b2	1
08110506	0
08110518	1
0811055c	1
08110574	1
08110714	1
0811072c	1
081107a0	1
081107bc	1
081107f2	1
0811088a	1
081108e4	1
0811095e	1
081109f6	1
08110a8e	1
08110ae4	1
08110b16	1
08110b38	1
08110b50	1
08110b70	1
08110c26	1
08110e76	1
08110e90	1
08110eb8	1
08110ed8	1
08110ef8	1
08110f36	1
0811121c	1
0811123c	1
0811128c	1
08111384	1
081113c4	1
081113de	1
08111438	1
081114c8	1
08111674	1
0811170c	1
08111726	1
08111816	1
08111846	1
08111a00	1
08111a28	1
08111a72	1
08111a8c	1
08111aec	1
08111b4a	1
08111b70	1
08111b88	1
08111bb2	1
08111bc8	1
08111c88	1
08111cba	1
08111ce0	1
08111d06	1
08111d46	1
08111df0	1
08111dfc	1
08111e14	1
08111f94	1
081120e4	1
08112104	1
0811219c	1
08112278	1
081122a0	1
08112340	1
0811239a	1
081123ec	1
081124f2	1
081127c8	1
081127e8	1
08112820	1
0811288c	1
081128b2	1
081128da	1
081128fa	1
08112928	1
081129ee	1
08112a1e	1
08112a4a	1
08112a64	1
08112a78	1
08112b06	1
08112ca4	1
08112cf4	1
08112d2a	1
08112d60	1
08112d9c	1
08112dc0	1
08112e34	1
08112e7c	1
08112ec4	1
08112f4e	1
08112f70	1
08112fba	1
08113002	1
08113038	1
081130e4	1
081130f0	1
081130fc	1
08113108	1
08113124	1
08113148	0
08113330	1
08113350	1
0811339a	1
0811348e	1
081134b0	1
08113510	1
081135a4	1
08113626	1
0811363c	1
0811365a	1
08113674	1
0811368a	1
08113840	1
0811387c	1
0811389e	1
081138d8	1
08113910	1
0811393a	1
08113984	1
08113a1c	1
08113a76	1
08113ab8	1
08113dd8	1
08113dfc	1
08113e54	1
08113eac	1
08113f10	1
08113f94	1
08114170	1
08114214	1
08114238	1
0811427a	1
081142f0	1
081144b4	1
081144e8	1
0811456a	1
08114612	1
081146bc	1
081147f4	1
08114824	1
08114856	1
08114910	1
08114d2c	1
08114d44	1
08114df2	1
08114e30	1
08114e44	1
08114efc	1
08114faa	1
08115098	1
081151a0	1
081151cc	1
08115234	0
0811523c	1
08115272	1
08115340	1
08115398	1
08115404	1
0811555c	1
0811557c	1
08115598	1
08115654	1
081157f0	1
0811581c	1
08115876	1
081158a4	1
081158c2	1
081158dc	1
081159b0	1
081159c4	1
081159dc	1
08115a02	1
08115a2c	1
08115a5c	1
08115a96	1
08115ad0	1
08115cd8	1
08115cf8	1
08115d58	1
08115e4c	1
08115e6c	1
08115e94	1
08115ebc	1
08115edc	1
08115ef4	1
08115f2e	1
08115f74	1
08115fce	1
0811627a	1
081162aa	1
081162ae	1
08116414	1
08116470	1
0811648c	1
0811649e	1
081164ec	1
081165a4	1
081166d4	1
081166f2	1
0811670e	1
08116720	1
08116758	1
08116894	1
081168b4	1
08116904	1
0811691c	1
08116924	1
08116944	1
081169b0	1
081169d8	1
08116a04	1
08116a28	1
08116a3c	1
08116adc	1
08116b00	1
08116b9c	1
08116bc0	1
08116bfc	1
08116c14	1
08116c38	1
08116ce0	1
08116d00	1
08116d6c	1
08116d90	1
08116db4	1
08116dec	1
08116e08	1
08116e10	1
08116e30	1
08116f34	1
08116f60	1
08116f8c	1
08116f9c	1
08116fd4	1
08117110	1
08117130	1
081171b4	1
081171cc	1
08117218	1
08117238	1
0811727c	1
081172a6	1
081172b0	1
081172d0	1
0811734c	1
08117354	1
08117404	1
08117424	1
08117488	1
081174b8	1
081174c0	1
0811753c	1
0811756c	1
08117588	1
08117592	1
081175d0	1
081175f0	1
08117680	1
08117688	1
08117690	1
081176b0	1
081176c0	1
081176c8	1
0811774c	1
08117764	1
08117768	1
08117780	1
081177a4	1
081177ec	1
08117818	1
081178d8	1
081178fc	1
0811794c	1
08117990	1
081179e0	1
081179e4	1
08117a14	1
08117ab4	1
08117bc8	1
08117be8	1
08117c4c	1
08117c70	1
08117c9c	1
08117cc4	1
08117ccc	1
08117d2c	1
08117d4c	1
08117dc4	0
08117dc8	1
08117de0	1
08117e20	1
08117e60	1
08117ec0	1
08117ec8	1
08117ee8	1
08117f78	1
08117f9c	1
08117fc4	1
08117ff8	1
0811800c	1
08118030	1
0811805c	1
08118098	1
081180e0	1
081180fc	1
08118344	1
08118368	1
081183c4	1
08118424	1
0811842c	1
0811847c	1
081184a8	1
081184c0	1
081184ec	1
08118510	1
08118550	1
0811857c	1
081185a8	1
081185b8	1
081187e8	1
0811880c	1
08118874	1
081188cc	1
081188ec	1
0811891c	1
08118964	1
08118998	1
081189c0	1
081189d4	1
081189e0	1
08118a00	1
08118a2c	1
08118a58	1
08118a88	1
08118aa8	1
08118ba4	1
08118bc8	1
08118c2c	1
08118c84	1
08118c8c	1
08118cec	1
08118d60	1
08118d84	1
08118de0	1
08118dfc	1
08118e1c	1
08118e84	1
08118ea8	1
08118f14	1
08118f1c	1
08118f24	1
08118f44	1
08118fc0	1
08118fe0	1
08118fe4	1
08119018	1
08119084	1
081190d8	1
08119364	1
08119384	1
081196a0	1
081196c4	1
081196f0	1
08119730	1
0811974c	1
0811975c	1
0811976c	1
0811979c	1
081197b4	1
08119800	1
08119804	1
08119904	0
0811992c	0
0811997c	1
081199a0	1
081199c0	1
081199dc	1
08119acc	1
08119aec	1
08119bd0	1
08119be0	1
08119d54	1
08119d74	1
08119de8	1
08119e38	1
08119e40	1
08119e60	1
0811a0a4	1
0811a0cc	1
0811a0f4	1
0811a11c	1
0811a138	1
0811a148	1
0811a160	1
0811a190	1
0811a1b0	1
0811a1e8	1
0811a1ec	1
0811a338	1
0811a358	1
0811a370	1
0811a3a4	1
0811a414	1
0811a434	1
0811a4dc	1
0811a4fc	1
0811a500	1
0811a51c	1
0811a57c	1
0811a5b4	1
0811a68c	1
0811a6a0	1
0811a6b4	1
0811a6c8	1
0811a6dc	1
0811a78c	1
0811a7ac	1
0811a818	1
0811a830	1
0811a858	1
0811a878	1
0811a8d0	1
0811a8ec	1
0811a978	1
0811a998	1
0811aa14	1
0811aa4c	1
0811aab8	1
0811ab0c	1
0811ab5c	1
0811ab7c	1
0811abc8	1
0811abf8	1
0811aca8	1
0811acfc	1
0811ad38	1
0811ad58	1
0811adc0	1
0811ae00	1
0811ae04	1
0811ae2c	1
0811ae54	1
0811b1ec	1
0811b20c	1
0811b284	1
0811b290	1
0811b338	1
0811b35c	1
0811b3b0	1
0811b3cc	1
0811b3ec	1
0811b3f4	1
0811b414	1
0811b45c	1
0811b464	1
0811b4ac	1
0811b4c0	0
0811b594	1
0811b5c0	1
0811b5dc	0
0811b620	1
0811b648	1
0811b66c	1
0811b6b8	1
0811b6d8	1
0811b9b4	1
0811b9d8	1
0811ba58	1
0811ba88	1
0811bac4	1
0811baec	1
0811bc44	1
0811bc68	1
0811bcd8	1
0811bd34	1
0811bd3c	1
0811bd64	1
0811bd88	1
0811bdcc	1
0811bdec	1
0811bdf4	1
0811c01c	1
0811c07c	1
0811c084	1
0811c08c	1
0811c0ac	1
0811c0f8	1
0811c10e	1
0811c11c	1
0811c13c	1
0811c18c	1
0811c1a4	1
0811c1ac	1
0811c1cc	1
0811c22c	1
0811c234	1
0811c25c	1
0811c27c	1
0811c298	1
0811c2a0	1
0811c3a4	0
0811c4e8	1
0811c508	1
0811c52c	1
0811c53c	1
0811c9fc	1
0811ca1c	1
0811ca94	1
0811cae4	1
0811caec	1
0811cba0	1
0811cbd0	1
0811cc02	1
0811cc0c	1
0811cc26	1
0811cc3a	1
0811cc74	1
0811cc94	1
0811cd08	1
0811cd60	1
0811cd94	1
0811cdc8	1
0811cdf4	1
0811ce34	1
0811ce64	1
0811ce88	1
0811cec4	1
0811cf44	1
0811cf64	1
0811cf94	1
0811cfa4	1
0811cfd0	1
0811cfec	1
0811d020	1
0811d058	1
0811d080	1
0811d0a8	1
0811d0ac	1
0811d0cc	1
0811d0ec	1
0811d120	1
0811d124	1
0811d148	1
0811d15c	1
0811d19c	1
0811d1b4	1
0811d1b8	1
0811d1dc	1
0811d20c	1
0811d248	1
0811d2c0	1
0811d2c4	1
0811d2c8	1
0811d2e0	1
0811d2f8	1
0811d410	1
0811d464	1
0811d530	1
0811d6f4	1
0811d7d0	1
0811d894	1
0811d954	1
0811da00	1
0811da94	1
0811daf0	1
0811db7c	1
0811dc34	1
0811dc54	1
0811dc70	1
0811dc80	1
0811df1c	1
0811df40	1
0811df94	1
0811dfcc	1
0811e024	1
0811e048	1
0811e090	1
0811e0b2	1
0811e168	1
0811e18c	1
0811e1d4	1
0811e1fa	1
0811e248	1
0811e26c	1
0811e2b4	1
0811e30c	1
0811e360	1
0811e384	1
0811e3cc	1
0811e40c	1
0811e418	1
0811e438	1
0811e490	1
0811e510	1
0811e57c	1
0811e59c	1
0811e5ec	1
0811e5f8	1
0811e61c	1
0811e63c	1
0811e68c	1
0811e698	1
0811e6c0	1
0811e6e4	1
0811e72c	1
0811e73c	1
0811e7d4	1
0811e7f8	1
0811e840	1
0811e850	1
0811e858	1
0811e87c	1
0811e8c4	1
0811e8d8	1
0811e914	1
0811e938	1
0811e980	1
0811e998	1
0811e9a0	1
0811e9c4	1
0811ea0c	1
0811ea20	1
0811ed58	1
0811edb4	1
0811ee98	1
0811eed0	1
0811ef0c	1
0811ef28	1
0811f774	1
0811f7a0	0
08120df0	1
08123198	0
081231a4	0
081231b0	0
081231bc	0
081231c8	0
081231d4	0
081231e0	0
081231e8	0
081231f0	0
081231f8	0
08123200	0
08123434	1
0812345c	1
0812349c	1
081234dc	1
08123514	1
08123558	1
08123574	1
081235a4	1
08123644	1
0812365c	1
08123678	1
0812368c	1
0812377c	1
08123790	1
081237bc	1
08123f5c	1
08123f7c	1
0812407c	1
081240bc	1
081240d0	1
08124134	1
08124144	1
081241a0	1
08124230	1
0812425c	1
0812427c	1
081242ac	1
081242d8	1
08124308	1
08124340	1
08124350	1
08124624	1
08124660	1
0812469c	1
081246d8	1
0812471c	1
08124b3c	1
08124b5c	1
08124c30	1
08124c94	1
08124ce8	1
08124d30	1
08124d78	1
08124dcc	1
08124e24	1
08124e7c	1
08124ed4	1
08124f30	1
08124f8c	1
08124fe0	1
0812503c	1
0812509c	1
081250e0	1
08125104	1
08125128	1
0812514c	1
08125170	1
08125198	1
081251f4	1
08125254	1
081263b8	0
08126b4c	1
08126b6c	1
08126cc0	1
08126df8	1
08126e10	1
08126e88	1
08126ea4	1
08126ec0	1
08126f40	1
08126f94	1
08126fa8	1
08126fc4	1
08126ff0	1
081279f8	1
08127a1c	1
08127acc	1
08127b08	1
08127b18	1
08127b94	1
08127be4	1
08127c64	1
08128730	1
08128750	1
081287b4	1
081287dc	1
08128800	1
081288bc	1
081288e4	1
08128cbc	1
08128cd8	1
08128dcc	1
08128df4	1
08128e2c	1
08128ed4	1
081291e8	1
081291fc	0
08129248	1
081292a8	1
081292d8	1
0812933c	1
08129400	1
08129454	1
0812952c	1
0812954c	1
0812956c	1
08129598	1
081295d8	1
08129658	1
0812968c	1
081296a0	1
081296d8	1
08129738	1
08129758	1
0812977c	1
081297c0	1
081297dc	1
08129808	1
0812982c	1
08129870	1
081298d4	1
081298f8	1
08129918	1
08129948	1
0812996c	1
081299b0	1
08129a20	1
08129a28	1
08129a54	1
08129a98	1
08129ac8	1
08129af0	1
08129b34	1
08129b90	1
08129bb0	1
08129bdc	1
08129c28	1
08129c74	1
08129cb4	1
08129d00	1
08129d58	1
08129d78	1
08129dc4	1
08129e28	1
08129e54	1
08129e7c	1
08129ecc	1
08129ee4	1
08129f04	1
08129f28	1
08129f48	1
08129f88	1
08129fe0	1
0812a008	1
0812a028	1
0812a058	1
0812a0cc	1
0812a0e8	1
0812a134	1
0812a14c	1
0812a168	1
0812a1c4	1
0812a224	1
0812a240	1
0812a27c	1
0812a2b4	1
0812a2ec	1
0812a350	1
0812a3c8	1
0812a3fc	1
0812a424	1
0812a494	1
0812a4ac	1
0812a4dc	1
0812a4fc	1
0812a540	1
0812a574	1
0812a5b4	1
0812a5f8	1
0812a67c	1
0812a694	1
0812a6f8	1
0812a758	1
0812a76c	1
0812a8a4	1
0812a8ec	1
0812aac0	1
0812abec	1
0812ac14	1
0812ac1a	1
0812ac80	1
0812acf0	1
0812ad04	1
0812adfc	1
0812ae3c	1
0812ae74	1
0812aec8	1
0812aee0	1
0812aefc	1
0812af14	1
0812b5c8	1
0812b5f4	0
0812b608	1
0812b640	1
0812b698	1
0812b708	1
0812b758	1
0812b80c	1
0812b874	1
0812b8dc	1
0812b97c	1
0812b9f8	1
0812ba1c	1
0812bb08	1
0812bc14	1
0812bc38	1
0812bd34	1
0812bd60	1
0812bdc0	1
0812bde4	1
0812beec	1
0812bf10	1
0812bf6c	1
0812bf88	1
0812bfac	1
0812bff4	1
0812c010	1
0812c034	1
0812c07c	1
0812c094	1
0812c0ec	1
0812c11c	1
0812c140	1
0812c2c0	1
0812c320	1
0812c3bc	1
0812c4e8	1
0812c50c	1
0812c5d0	1
0812c708	1
0812c7b4	1
0812c884	1
0812ca68	1
0812ca84	1
0812cb74	1
0812cc44	1
0812cd88	1
0812cdac	1
0812cdf4	1
0812ce28	1
0812ce50	1
0812cea4	1
0812ceec	1
0812cef0	1
0812cfd4	1
0812d0c0	1
0812d164	1
0812dae4	1
0812db44	1
0812dbe0	1
0812dd08	1
0812dd2c	1
0812dde8	1
0812df00	1
0812dfac	1
0812e08c	1
0812e264	1
0812e280	1
0812e370	1
0812e440	1
0812e584	1
0812e5a8	1
0812e61c	1
0812e650	1
0812e678	1
0812e6cc	1
0812e714	1
0812e718	1
0812e7f4	1
0812e898	1
0812f094	1
0812f0f8	1
0812f190	1
0812f2ac	1
0812f2d0	1
0812f390	1
0812f494	1
0812f530	1
0812f628	1
0812f7c8	1
0812f858	1
0812f904	1
0812f920	1
0812fa0c	1
0812fae4	1
0812fc2c	1
0812fc50	1
0812fd10	1
0812fd44	1
0812fd6c	1
0812fdc0	1
0812fe0c	1
0812fe10	1
0812fef0	1
0813096c	1
08130a04	1
08130b30	1
08130bc8	1
08130c98	1
08130d40	1
08130dd0	1
08130ed4	1
08130ed8	1
08130edc	1
08130f1c	1
08130f78	1
08130fc4	1
08130fc8	1
08131068	1
08131150	1
08131664	1
08131674	1
08131684	1
08131694	1
081316a4	1
081316b4	1
081316c4	1
081316d4	1
081316da	1
081316ec	1
081316f2	1
08131704	1
0813170a	1
0813171c	1
08131722	1
08131728	1
08131c2c	1
08131cac	1
08131d80	1
08131f3c	1
08131f80	1
08131fa0	1
08131fc4	1
0813201c	1
0813202c	1
08132080	1
081320ac	1
08132104	1
08132168	1
08132194	1
081322ac	0
08132310	1
08132324	0
0813278c	1
081327a0	1
081327b0	1
081327e8	1
08132810	1
08132b88	1
08132b9c	0
08132ba8	1
08132c34	1
08132c48	0
08132c50	1
08132c68	1
08132ca0	1
08132d18	0
08133200	1
08133228	1
081333a0	1
08133400	1
08133434	1
08133484	1
081334c8	1
08133540	1
08133564	1
081335b8	1
081335c0	1
081335d8	1
081335ec	1
08133618	1
08133648	1
081336a0	1
081336c4	1
08133740	1
0813375c	1
08133770	1
08133788	1
081337c4	1
081337e8	1
0813388c	1
081338d4	1
08133944	1
0813399c	1
081339bc	1
08133a44	1
08133a68	1
08133b18	1
08133b74	1
081353b4	0
081356d4	1
081356f4	1
081357c4	1
0813581c	1
08135830	1
081358fc	1
08135918	1
08135938	1
0813594c	1
08135968	1
081359a0	1
08135a10	1
08135a24	1
08135a44	1
08135af8	1
08135b38	1
08135b54	1
081368d4	1
0813691c	1
081369b8	1
081369d0	1
08136a0c	1
08136a74	1
08136aa0	1
08136ae8	1
08136de0	1
08136ee4	1
08136ef8	1
08136f0c	1
08136f40	1
08136f74	1
08136fa4	1
08136fb8	1
08137018	1
08137028	1
0813709c	1
081370ac	1
081370c4	1
081370d4	1
08137160	1
08137170	1
081371a0	1
081371b0	1
08137234	1
08137244	1
0813725c	1
0813726c	1
081372e4	1
081372f4	1
08137334	1
08137368	1
08137378	1
0813749c	1
081374ac	1
081374c4	1
081374d4	1
08137528	1
08137538	1
08137550	1
0813756c	1
0813759c	1
081375ac	1
081375cc	1
081378b4	1
081378d4	1
08137964	1
08137990	1
081379a0	1
08137a1c	1
08137a7c	1
081382ac	1
081382c4	0
081382d0	1
08138348	1
0813838c	1
081383c4	1
081383f4	1
0813842c	1
08138478	1
081384e0	1
081384fc	1
08138514	1
08138528	1
0813853c	1
08138550	1
08138560	1
08138570	1
08138580	1
08138584	1
08138598	1
081385ac	1
081385bc	1
081385f0	1
08138600	1
08138624	1
081386cc	1
081386e4	1
081386ec	1
081386f0	1
08138700	1
08138730	1
0813944c	0
0813a01c	0
0813a04d	0
0813a1d5	0
0813a206	0
0813a237	0
0813a268	0
0813a299	0
0813a2ca	0
0813a2fb	0
0813a32c	0
0813a35d	0
0813a38e	0
0813a3bf	0
0813a3f0	0
0813b7ec	1
0813b7fc	1
0813b818	1
0813b830	1
0813c3ac	1
0813c808	1
0813c80c	1
0813c81c	1
0813c838	1
0813c854	1
0813c870	1
0813c88c	1
0813c8a8	1
0813c8b8	1
0813c8c8	1
0813c8d8	1
0813c8e8	1
0813c8f8	1
0813c908	1
0813c918	1
0813c928	1
0813c938	1
0813c948	1
0813c95c	1
0813c970	1
0813c984	1
0813c998	1
0813c9b0	1
0813c9c0	1
0813c9d0	1
0813c9e0	1
0813c9f0	1
0813ca00	1
0813ca4c	1
0813ca60	1
0813ca6c	1
0813ca78	1
0813ca88	1
0813caa4	1
0813cac0	1
0813cadc	1
0813caf8	1
0813cb14	1
0813cb30	1
0813cb40	1
0813cb50	1
0813cb60	1
0813cb70	1
0813cb80	1
0813cb90	1
0813cba4	1
0813cbb8	1
0813cce8	1
0813ccec	1
0813ccfc	1
0813cd00	1
0813cd10	1
0813cd14	1
0813cd22	1
0813cd30	1
0813cd58	1
0813cd5c	1
0813cd66	1
0813cd70	1
0813cd88	1
0813cd8c	1
0813cd9c	1
0813cda0	1
0813cdb0	1
0813cdb4	1
0813cdc0	1
0813cdcc	1
0813cdf0	1
0813cdf4	1
0813ce04	1
0813ce08	1
0813ce12	1
0813ce1c	1
0813ce48	1
0813ce4c	1
0813ce56	1
0813ce60	1
0813ce78	1
0813ce7c	1
0813ce8c	1
0813ce90	1
0813d510	1
0813d568	1
0813d598	1
0813d5dc	1
0813d6dc	1
0813d6f4	1
0813d714	1
0813d750	1
0813d804	1
0813d838	1
0813d848	1
0813d87c	1
0813d88c	1
0813d8ac	1
0813d9dc	1
0813d9e8	1
0813dac0	1
0813dadc	1
0813e0a4	1
0813e0f8	1
0813e188	1
0813e1c8	1
0813e224	1
0813e2ac	1
0813e33c	1
0813e398	1
0813e3f4	1
0813e450	1
0813e4ac	1
0813e4f4	1
0813e660	1
0813f404	1
0813f42c	0
0813f474	1
0813f550	1
0813f590	1
0813f5ec	1
0813f65c	1
0813f6f8	1
0813f754	1
0813f7b0	1
0813f80c	1
0813f868	1
0813f8b0	1
0813fa24	1
0813fa54	1
0813fab0	1
0813fb24	1
0813fbc0	1
0813fc30	1
0813fc8c	1
0813fd14	1
08140a70	0
0814187c	1
081419a0	1
08142134	1
08142248	1
0814227a	1
08143482	1
08144048	1
0814428c	0
0814429c	0
081442b4	0
081442f0	0
081442fa	0
0814430c	0
0814469c	1
081446ac	1
08145190	0
0814519c	0
081451a6	0
081451b0	0
081451ba	0
081451c4	0
081451ca	0
081451f0	0
081451fc	0
081454a4	0
081454c8	0
08145500	0
08145506	0
0814551c	0
08145534	0
0814553a	0
08145540	0
08145546	0
0814554c	0
08145552	0
08145558	0
08145568	0
0814556e	0
08145574	0
08145584	0
0814558a	0
08145590	0
08145596	0
0814559a	0
08145658	1
08145750	0
08145768	0
0814577c	0
08145790	0
081457a0	0
081457c4	0
081457e4	0
08145804	0
08145874	0
081458a6	0
081458bc	0
08145904	0
08145974	0
081459c0	0
08145a08	0
08145a7c	0
08145b1c	0
08145b2e	0
08145d54	1
08147104	0
08147108	0
08147118	0
08147122	0
0814712e	0
08147328	0
0814732c	0
08147336	0
08147340	0
08147348	0
081473ec	1
081475b8	1
08147748	0
0814775c	0
08147784	0
081477b0	0
081477b4	0
08147804	0
08147814	0
0814781e	0
0814782a	0
08147d58	0
08147d88	0
08147dac	0
08147dc0	0
08147dd0	0
08147dd8	0
0814801c	1
08148208	1
08148368	0
08148380	0
081483b0	0
081483e8	0
0814843c	0
081484b8	0
081484e8	0
0814850c	0
08148520	0
08148530	0
08148538	0
08148738	1
08148878	1
08148a40	0
08148a52	0
08148a60	0
08148a6a	0
08148a76	0
08148e74	1
08148fb4	1
081490e4	0
081490f4	0
0814910c	0
08149116	0
08149122	0
081494b8	1
081494f8	1
081496ec	1
08149768	1
08149880	1
0814996c	1
08149a20	1
08149bf8	1
08149c30	1
08149df4	1
0814a55c	1
0814a6ac	1
0814a794	1
0814a7c4	1
0814b1f8	1
0814b290	1
0814b2a0	1
0814b6d4	1
0814c908	1
0814ce64	1
0814d8cc	1
0814d8f0	1
0814d994	1
0814d9c4	1
0814da9c	1
0814dc88	1
0814e02c	1
0814e044	1
0814e064	1
0814e0dc	1
0814e0fc	1
0814e118	1
0814e12c	1
0814e15c	1
0814e168	1
0814e17c	1
0814e190	1
0814e1c0	1
0814e1d4	1
0814e1e8	1
0814e1fc	1
0814e210	1
0814e21c	1
0814e234	1
0814e248	1
0814e260	1
0814e4dc	1
0814e558	1
0814e758	1
0814e7cc	1
0814e7e0	1
0814e87c	1
0814e924	1
0814e9f0	1
0814ea58	1
0814eaf0	1
0814eb1c	1
0814edc0	1
0814f228	1
0814f2f0	1
0814f3a4	1
0814f44c	1
0814f508	1
0814f988	1
0814f9ac	1
0814fa14	1
0814fbfc	1
0814fc78	0
0814fc7c	0
0814fc84	0
0814fc8c	0
0814fc96	0
0814fca4	0
0814fcb2	0
0814fcba	0
0814fcc2	0
0814fcca	0
0814fcd2	0
0814fcda	0
0814fce2	0
0814fcf0	0
0814fcfe	0
0814fd0c	0
0814fd1a	0
0814fd28	0
0814fd54	1
0814fd74	1
0814fd88	1
0814fdd0	1
0814fde4	1
0814fdf8	1
0814fe0c	1
0814fe20	1
0814fe34	1
0814fe40	1
0814fe4c	1
0814fe60	1
0814fe74	1
081801ec	0
081c03e4	0
081d6000	0
