0814d8b8	40	SWI_CpuSet
0802d254	24	GetBattleEffectsFromBattleSettings
0802d246	24	GetBattleEffects
080008e0	22	ZeroFillByWord
0800093c	14	CopyWords
0803ea60	12	eStruct200BC30_getJumpOffset00
0800a832	12	sub_800A832
0813d60c	8	sub_813D60C
08020140	8	sub_8020140
0801fe6c	8	sub_801FE6C
08007800	8	battle_8007800
0801fee8	6	eStruct203F7D8_getUnk01
0800a0d6	6	sub_800A0D6
08007850	6	sub_8007850
08003490	6	InitializeStructsOfObjectType
0814d8b4	4	SWI_CpuFastSet
0803f740	4	sub_803F740
0803dd30	4	sub_803DD30
0802f168	4	TestEventFlag
0802f164	4	TestEventFlagFromImmediate
0802015e	4	eStruct2038160_getBattleTerminate01
0801ff18	4	sub_801FF18
0801feee	4	sub_801FEEE
08000950	4	CopyByEightWords
080008b4	4	ZeroFillByByte
081440d8	2	sub_81440D8
0803f524	2	notZero_eByte200AD04
0803dce8	2	sub_803DCE8
080303e8	2	sub_80303E8
08030336	2	sub_8030336
080302d0	2	sub_80302D0
08030200	2	loc_8030200
080301e8	2	camera_doShakeEffect_80301e8
080301b2	2	camera_writeUnk03_14_80301b2
0803011a	2	sub_803011A
080300ac	2	sub_80300AC
08030054	2	sub_8030054
0802ff4c	2	camera_802FF4C
0802f130	2	ClearEventFlag
0802f12c	2	ClearEventFlagFromImmediate
0802e112	2	sub_802E112
0802d242	2	GetBattleModeFromBattleSettings
0802d234	2	GetBattleMode
080269d0	2	sub_80269D0
0801fe64	2	sub_801FE64
0801fe24	2	sub_801FE24
0801be70	2	sub_801BE70
0800b6aa	2	eStruct200A008_setBattleResult
0800a9e2	2	sub_800A9E2
0800a892	2	sub_800A892
0800a840	2	setTwoStructs_800A840
0800a7d0	2	IsCurSubsystemInUse
0800a2f0	2	battle_getFlags
0800a0c6	2	sub_800A0C6
0800a0a4	2	battle_isTimeStopPauseOrBattleFlags0x20_800a0a4
0800a098	2	battle_isTimeStop
0800a03c	2	battle_isPaused
08007ca0	2	sub_8007CA0
08007b80	2	sub_8007B80
0800799c	2	sub_800799C
08007978	2	sub_8007978
0800794c	2	sub_800794C
08007338	2	sub_8007338
080071a4	2	clear_flags32_20093A4
08006bc0	2	SetPrimaryToolkitPointers
08003552	2	InitializeT4BattleObjectStructs
08003548	2	InitializeT3BattleObjectStructs
0800353e	2	InitializeT1BattleObjectStructs
0800318c	2	sub_800318C
08002668	2	sub_8002668
08002368	2	zeroFill_e20097A0
08001778	2	SetRenderInfoLCDControl
08000808	2	sound_8000808
08000784	2	musicGameState_8000784
