0800cc72	78717	object_isValidPanel
08013682	57022	GetBattleNaviStatsAddr
03005e80	46211	iCopyBackgroundTiles
08013774	44770	GetBattleNaviStatsByte_AllianceFromBattleObject
0800a2f0	44345	battle_getFlags
0800a03c	41889	battle_isPaused
0801a166	34041	object_getFlag
0800c01c	33084	sub_800C01C
03007958	30024	_object_getPanelDataOffset
0800a098	28506	battle_isTimeStop
0800c90a	23131	object_getPanelDataOffset
0801032c	18944	sub_801032C
0800fffe	18501	GetAIData_Unk_44_Flag
0802d242	18002	GetBattleModeFromBattleSettings
0802d234	18002	GetBattleMode
03006594	16759	sub_3006594
080182b4	15520	sub_80182B4
0800f29c	14252	sub_800F29C
0800a18e	13483	battle_isBattleOver
080018c2	13127	CopyBackgroundTiles
080103bc	11934	sub_80103BC
0802d254	11343	GetBattleEffectsFromBattleSettings
0802d246	11343	GetBattleEffects
0800c100	11028	sub_800C100
080028c0	11028	sub_80028C0
0800c488	10068	sub_800C488
0800c380	9990	sub_800C380
08000ac8	9922	QueueEightWordAlignedGFXTransfer
0802fe28	9872	sub_802FE28
030068e8	9872	sub_30068E8
0802e09a	9174	TestBattleFlag_0x40
0300638c	8096	sub_300638C
030061e8	8096	sub_30061E8
0801a15c	8090	object_clearFlag
0801a180	7947	object_getFlag2
0800372a	7575	object_800372A
08015b64	6844	sub_8015B64
08015b54	6844	sub_8015B54
0801a176	5752	object_clearFlag2
08021aa4	5714	getChip8021DA8
08010018	5331	sub_8010018
0802f168	5159	TestEventFlag
0802f164	5139	TestEventFlagFromImmediate
0802e070	4933	sub_802E070
0800a9e2	4844	sub_800A9E2
0800e2ce	4514	object_getFlipDirection
080136cc	4427	GetBattleNaviStatsByte
03006440	4336	sub_3006440
03006028	4336	sub_3006028
03006920	4314	sub_3006920
030061a8	4314	sub_30061A8
03006108	4260	sub_3006108
0800a8f8	4207	sub_800A8F8
030078e0	3947	_object_updatePanelParameters
03007978	3927	sub_3007978
0803ea60	3546	eStruct200BC30_getJumpOffset00
0800a0d6	3508	sub_800A0D6
0800c8c2	3418	sub_800C8C2
0800c6f0	3330	sub_800C6F0
080102ac	3228	sub_80102AC
080ea460	3226	sub_80EA460
080b81ec	3226	sub_80B81EC
0801bcf4	3226	sub_801BCF4
08000c00	3178	sub_8000C00
08000c5c	3171	sub_8000C5C
08002d80	3114	sprite_setPalette
0801002c	3106	sub_801002C
080f0608	3102	sub_80F0608
080ea484	3102	sub_80EA484
0801af44	3102	sub_801AF44
0801ac6c	3102	sub_801AC6C
0801728e	3102	sub_801728E
08016ca4	3102	sub_8016CA4
08016934	3102	sub_8016934
0801690a	3102	sub_801690A
080168f0	3102	sub_80168F0
080168c8	3102	sub_80168C8
08016860	3102	sub_8016860
080143e4	3102	sub_80143E4
08013da0	3102	sub_8013DA0
080139c4	3102	sub_80139C4
08012e74	3102	sub_8012E74
080107d4	3102	sub_80107D4
080100ec	3102	sub_80100EC
08002ee8	3102	sprite_zeroColorShader
08002dd8	3102	sprite_clearFinalPalette
0801beb8	3100	sub_801BEB8
0814d8b8	3064	SWI_CpuSet
080e0df0	3053	sub_80E0DF0
080e0e20	3052	sub_80E0E20
0800fdea	3052	sub_800FDEA
0802ce60	2986	sub_802CE60
03006404	2985	sub_3006404
030061c8	2985	sub_30061C8
080026c4	2732	sprite_update
03006792	2732	sub_3006792
03006428	2634	sub_3006428
0801c082	2450	sub_801C082
0800362c	2276	sub_800362C
0800a9ec	2133	battle_networkInvert
0800a832	2024	sub_800A832
0813d60c	2020	sub_813D60C
08020140	2020	sub_8020140
0801fe6c	2020	sub_801FE6C
08007800	2020	battle_8007800
08017bc0	1982	sub_8017BC0
03007880	1946	sub_3007880
03007708	1946	sub_3007708
030075fc	1946	sub_30075FC
03007868	1945	sub_3007868
0801c002	1883	sub_801C002
0800286c	1870	sub_800286C
080027b4	1870	sub_80027B4
0802e156	1838	sub_802E156
0801bf64	1838	sub_801BF64
0800c5e0	1838	sub_800C5E0
0800c192	1838	sub_800C192
08009fcc	1838	sub_8009FCC
080049b0	1838	sub_80049B0
080046f8	1838	sub_80046F8
08004510	1838	sub_8004510
08004218	1838	sub_8004218
08003e18	1838	sub_8003E18
08003c70	1838	sub_8003C70
0801c202	1836	sub_801C202
08009ff8	1824	sub_8009FF8
0801fee8	1763	eStruct203F7D8_getUnk01
0803f740	1756	sub_803F740
0803dd30	1756	sub_803DD30
0802015e	1756	eStruct2038160_getBattleTerminate01
0801ff18	1756	sub_801FF18
0801feee	1756	sub_801FEEE
0801c06e	1736	sub_801C06E
0800a7e2	1684	sub_800A7E2
080103ec	1682	sub_80103EC
0800a01c	1679	sub_800A01C
0800bfc4	1648	sub_800BFC4
0800371a	1647	object_Clear3RAMBytes_800371A
080031ac	1646	RunBattleObjectLogic
0801bbac	1642	object_updateSprite
080301e8	1616	camera_doShakeEffect_80301e8
0803011a	1616	sub_803011A
080300ac	1616	sub_80300AC
08030054	1616	sub_8030054
080269d0	1616	sub_80269D0
08146bf4	1615	sub_8146BF4
0803c59c	1615	sub_803C59C
08010022	1615	sub_8010022
08007a44	1615	battle_8007A44
08030158	1614	sub_8030158
08030124	1614	nullsub_7
0802fff4	1614	sub_802FFF4
0802cec8	1614	sub_802CEC8
080269e2	1614	sub_80269E2
0801bee0	1614	sub_801BEE0
0800fdc0	1614	sub_800FDC0
0800aee8	1614	chip_800AEE8
08009158	1614	sub_8009158
0801c840	1612	sub_801C840
0801c168	1612	sub_801C168
0801c906	1609	sub_801C906
0801da48	1585	sub_801DA48
0801c304	1562	sub_801C304
0801c296	1562	sub_801C296
0800a97a	1515	sub_800A97A
0801dc6e	1513	sub_801DC6E
0801db60	1513	sub_801DB60
0801d814	1493	sub_801D814
0801cc94	1493	sub_801CC94
0801cbd0	1493	sub_801CBD0
0801cb38	1493	sub_801CB38
0801cadc	1493	sub_801CADC
0801c984	1493	sub_801C984
0801cdec	1472	sub_801CDEC
0801bfee	1393	sub_801BFEE
08012f3e	1382	sub_8012F3E
0800187c	1364	sub_800187C
080008c0	1286	ZeroFillByHalfword
0801a018	1280	object_presentCollisionData
0801a00e	1280	object_removeCollisionData
0300777c	1280	sub_300777C
03007550	1280	_object_removeCollisionData
0801e6a8	1270	sub_801E6A8
0801c9a4	1261	sub_801C9A4
0800f214	1257	enemy_getStruct1
080008e0	1254	ZeroFillByWord
0800f1dc	1253	sub_800F1DC
0800ef34	1253	sub_800EF34
0800ed90	1250	sub_800ED90
08027e1c	1245	getLocOfActiveChips_8027E1C
080018d0	1211	call_sub_3005EBA
03005eba	1211	sub_3005EBA
0800a7d0	1180	IsCurSubsystemInUse
0800a0a4	1180	battle_isTimeStopPauseOrBattleFlags0x20_800a0a4
0801bade	1120	sub_801BADE
0801ba12	1120	applyDamageToPlayer_801ba12
0801b9e6	1120	sub_801B9E6
0801a506	1120	sub_801A506
0801a4a6	1120	sub_801A4A6
0801a45c	1120	sub_801A45C
0801a42e	1120	sub_801A42E
0801a200	1120	sub_801A200
0800e2d8	1120	object_subtractHP
0800e2c2	1078	object_getAllianceDirection
0814d8b4	1071	SWI_CpuFastSet
0802e1d8	1065	sub_802E1D8
0801a5ee	1065	sub_801A5EE
08014498	1065	sub_8014498
08014464	1065	nullsub_6
08014326	1065	sub_8014326
08010162	1065	sub_8010162
0800e730	1065	sub_800E730
08000950	1060	CopyByEightWords
08006e84	1041	encryption_8006e84
08006ee8	1031	sub_8006EE8
0300766c	1000	applyHeatOnGrassDamage_300766c
0800139a	962	sub_800139A
08030200	959	loc_8030200
08012dfc	924	sub_8012DFC
08015c12	891	sub_8015C12
08018886	877	sub_8018886
08018842	877	sub_8018842
08018810	872	sub_8018810
0800f26c	872	sub_800F26C
080e0f5e	865	sub_80E0F5E
080e0f2e	865	sub_80E0F2E
0800eb6c	865	sub_800EB6C
0801336c	776	sub_801336C
0801c470	767	sub_801C470
0801c4e4	764	sub_801C4E4
0801a0ba	744	sub_801A0BA
08026a28	737	sub_8026A28
08009338	737	sub_8009338
0802a394	733	sub_802A394
0802a2e8	733	sub_802A2E8
0802a2b0	733	sub_802A2B0
08026a88	733	sub_8026A88
0800a772	728	sub_800A772
0801c078	714	sub_801C078
0800ffaa	695	sub_800FFAA
0802cff8	691	sub_802CFF8
0802cef4	691	sub_802CEF4
0802ce78	691	sub_802CE78
0802ce10	691	sub_802CE10
0801aeb0	691	sub_801AEB0
0801a802	691	sub_801A802
0801a720	691	sub_801A720
0801a6e8	691	sub_801A6E8
0801a6b4	691	sub_801A6B4
0801a648	691	sub_801A648
0801a554	691	sub_801A554
0801a420	691	sub_801A420
0801a36a	691	sub_801A36A
0801a324	691	sub_801A324
0801a2cc	691	sub_801A2CC
0801a186	691	sub_801A186
0801442c	691	sub_801442C
08014424	691	sub_8014424
080143fc	691	sub_80143FC
080142dc	691	sub_80142DC
08013f1e	691	sub_8013F1E
080139f6	691	sub_80139F6
08013396	691	sub_8013396
08012fc8	691	sub_8012FC8
08012ebc	691	sub_8012EBC
08012ea0	691	sub_8012EA0
08010230	691	sub_8010230
08010198	691	sub_8010198
0800ff5e	691	sub_800FF5E
0800eb9e	691	object_spawnHiteffect
0800eb26	691	sub_800EB26
0800e3de	691	object_calculateFinalDamage1
0802de5c	588	sub_802DE5C
0800b090	588	sub_800B090
0800938a	588	sub_800938A
0800801c	588	sub_800801C
0800c746	555	sub_800C746
0802cdfe	521	sub_802CDFE
0800093c	511	CopyWords
03007692	500	sub_3007692
03007650	500	sub_3007650
030074e2	500	getSecondaryElementWeaknessMultipler_30074e2
030074ba	500	sub_30074BA
030074a2	500	applyElecOnBubbleMultipler_30074a2
03007460	500	sub_3007460
03007432	500	getPrimaryElementWeaknessMultipler_3007432
03007218	500	sub_3007218
0801bff8	490	sub_801BFF8
03006c18	490	sub_3006C18
08002c7e	480	sprite_setAlpha
08002db4	472	sprite_setFinalPalette
08029c08	454	sub_8029C08
0802a54e	443	getChipID_802A54E
0800b022	443	sub_800B022
080ea734	434	sub_80EA734
08010004	431	sub_8010004
0802ff10	430	sub_802FF10
08002f5c	428	sprite_setFlip
080b8cd8	420	sub_80B8CD8
080edae0	417	sub_80EDAE0
080b8da6	417	sub_80B8DA6
08002f7e	417	sprite_getFlip
08002edc	417	sprite_getColorShader
08002ed0	417	sprite_setColorShader
08002dc8	417	sprite_getFinalPalette
08002ce0	417	sprite_getMosaicScalingParameters
0801ca80	416	sub_801CA80
0800b46c	411	sub_800B46C
0800a032	403	UnpauseBattle
0800ae0c	402	sub_800AE0C
0800a6a6	402	sub_800A6A6
0800a2d8	402	battle_setFlags
0800a152	402	sub_800A152
080080d2	402	sub_80080D2
0800a1d0	401	sub_800A1D0
0800a046	401	sub_800A046
0800fa54	388	sub_800FA54
08012f62	387	sub_8012F62
080f0354	381	sub_80F0354
0802e4e4	381	sub_802E4E4
0802e4b8	381	sub_802E4B8
08010660	381	sub_8010660
0800fb54	381	sub_800FB54
08003458	378	object_freeMemory
08003400	378	sub_8003400
08003278	378	SpawnBattleObjectCommon
08002d52	378	sprite_makeUnscalable
08019f44	372	sub_8019F44
0800e2ca	368	object_getFrontDirection
080e5c2c	366	sub_80E5C2C
0800e276	366	object_getCoordinatesForPanels
08019fb4	364	object_setupCollisionData
08019892	364	object_createCollisionData
080edbcc	363	sub_80EDBCC
080e5ca0	363	sub_80E5CA0
0800e2c0	363	object_getEnemyDirection
0801a074	361	object_clearCollisionRegion
080198ce	361	object_freeCollisionData
080c536a	360	object_spawnCollisionRegion
080c532e	360	sub_80C532E
080c52d0	360	sub_80C52D0
080c52b0	360	sub_80C52B0
0801a140	360	object_setCollisionHitEffect
0801a0d4	360	object_spawnCollisionEffect
0800cc66	360	object_isCurrentPanelValid
08003358	360	object_spawnType3
0803f524	346	notZero_eByte200AD04
08120b54	344	sub_8120B54
0802a220	344	sub_802A220
08029d34	344	sub_8029D34
08028b74	344	sub_8028B74
0802899c	344	sub_802899C
08028820	344	sub_8028820
08026ccc	344	sub_8026CCC
08028894	281	sub_8028894
0801e754	280	sub_801E754
08026dc4	279	sub_8026DC4
0801ca34	277	sub_801CA34
0801ca28	277	sub_801CA28
0801c1ea	259	sub_801C1EA
0801ce28	236	sub_801CE28
0801cf3c	232	sub_801CF3C
0801cf0e	232	sub_801CF0E
0803ea2c	228	sub_803EA2C
03006730	226	sub_3006730
08007e62	223	sub_8007E62
0802fe7a	215	sub_802FE7A
08045f3c	206	chatbox_mask_eFlags2009F38
08007f14	206	sub_8007F14
08016396	200	sub_8016396
08016380	200	sub_8016380
0801ce92	192	sub_801CE92
080092a0	168	sub_80092A0
08007850	148	sub_8007850
08007978	138	sub_8007978
080079d0	132	sub_80079D0
08001562	124	GetPositiveSignedRNG1
080295c8	120	sub_80295C8
08016c4e	120	sub_8016C4E
080092f0	120	sub_80092F0
080281c4	119	sub_80281C4
080281a8	119	sub_80281A8
0802dd2a	108	sub_802DD2A
080091f0	104	sub_80091F0
080062f8	103	IsScreenFadeActive
080e0668	102	sub_80E0668
080e0638	102	sub_80E0638
080081a4	102	sub_80081A4
08016460	100	sub_8016460
080018e0	92	sub_80018E0
08028214	88	sub_8028214
08028204	88	sub_8028204
08000808	88	sound_8000808
0800c6e0	80	sub_800C6E0
0800154c	80	GetRNG1
0801dacc	79	sub_801DACC
0800aaae	77	sub_800AAAE
0800061e	74	m4a_800061E
08013790	71	GetBattleNaviStatsHword_AllianceFromBattleObject
080005cc	71	PlaySoundEffect
0802770c	70	sub_802770C
0800ffee	69	ClearAIData_Unk_44_Flag
080e06e0	66	sub_80E06E0
0800aa92	66	sub_800AA92
0801641a	64	sub_801641A
0800fe52	64	sub_800FE52
08002c7a	63	sprite_setAlpha_8002c7a
08012ea8	62	sub_8012EA8
08045f8c	61	renderTextGfx_8045F8C
08002ef6	61	sprite_setMosaicSize
03006c3c	61	sub_3006C3C
03006b94	61	sub_3006B94
08008064	60	sub_8008064
08027d10	59	sub_8027D10
0802868c	55	sub_802868C
08028284	55	sub_8028284
0801a16c	55	object_setFlag2
080173f4	55	sub_80173F4
08002db0	55	sprite_forceWhitePalette
08027ccc	54	sub_8027CCC
0801a264	53	sub_801A264
0802961a	50	sub_802961A
0802777c	50	sub_802777C
080e0548	48	loc_80E0548
080e0616	46	sub_80E0616
0801e71c	46	sub_801E71C
0801c6ee	46	sub_801C6EE
080026a4	45	sprite_loadAnimationData
080e05c4	44	sub_80E05C4
08029ff4	44	chipIDIs13f_8029FF4
08002dea	44	sprite_getFrameParameters
0801e006	37	sub_801E006
080e0684	36	sub_80E0684
080163b4	36	sub_80163B4
08007b80	34	sub_8007B80
080edc78	33	sub_80EDC78
08028310	33	sub_8028310
080288d0	32	sub_80288D0
0801becc	32	sub_801BECC
080174be	32	sub_80174BE
08007b9c	32	sub_8007B9C
08028904	31	sub_8028904
08002da4	31	sprite_setAnimation
0801bec2	27	sub_801BEC2
0800239a	26	Terminate_ePalette20097a0_Transform
0801483c	24	sub_801483C
08014018	24	GetNaviStatsIndexFromCurPETNavi
080109a4	24	sub_80109A4
08009314	24	sub_8009314
080092c0	24	sub_80092C0
0800840c	24	sub_800840C
080281d4	23	sub_80281D4
08028320	22	sub_8028320
0801a152	22	object_setFlag1
080137b6	22	GetCurPETNaviStatsByte
080edb14	21	sub_80EDB14
080174aa	21	sub_80174AA
08026bf4	20	sub_8026BF4
08026b04	20	sub_8026B04
0801fe5e	20	sub_801FE5E
0801ced2	20	sub_801CED2
0801ce6c	20	sub_801CE6C
08007c14	20	sub_8007C14
08007bf0	20	sub_8007BF0
0803dfac	19	sub_803DFAC
0803de24	19	sub_803DE24
08029cd4	19	sub_8029CD4
080148cc	19	sub_80148CC
08028476	18	sub_8028476
08027806	17	sub_8027806
080148ec	17	sub_80148EC
080094da	17	sub_80094DA
080107c0	16	sub_80107C0
0801031c	16	sub_801031C
08007f2c	16	sub_8007F2C
0802a564	15	sub_802A564
08027fdc	14	sub_8027FDC
08027f84	14	sub_8027F84
08027f6a	14	sub_8027F6A
08002986	14	sub_8002986
0800272c	14	sprite_initialize
080026e4	14	sprite_load
080eb04c	13	sub_80EB04C
080284e2	13	sub_80284E2
0800634c	13	sub_800634C
08006330	13	sub_8006330
08000ac4	13	QueueWordAlignedGFXTransfer
0800a540	12	sub_800A540
08007bd0	12	sub_8007BD0
080298f4	11	sub_80298F4
080283c8	11	sub_80283C8
080282ae	11	sub_80282AE
080282ac	11	nullsub_14
08028250	11	sub_8028250
080033ac	11	object_spawnType4
08000900	11	ZeroFillByEightWords
0802a53c	10	sub_802A53C
0801e03e	10	sub_801E03E
0801bed6	10	sub_801BED6
08010312	10	sub_8010312
0800afba	10	sub_800AFBA
08002f90	10	sprite_noShadow
0802a57e	9	sub_802A57E
08028f84	9	sub_8028F84
08028f48	9	sub_8028F48
08028ec8	9	updateCustomScreen_WhenUnselectingChip_8028EC8
08028e4c	9	sub_8028E4C
08028e32	9	sub_8028E32
080283b0	9	sub_80283B0
0800fc9e	9	sub_800FC9E
0800f2b6	9	object_setAnimation
0800f2b4	9	nullsub_3
0800eb08	9	sub_800EB08
0800e456	9	object_getFlip
080010b6	9	GetCurPETNavi
080eac5c	8	nullsub_105
0802a00c	8	sub_802A00C
08028ccc	8	sub_8028CCC
08028238	8	sub_8028238
0801e0a0	8	sub_801E0A0
0801a082	8	sub_801A082
08019f9e	8	sub_8019F9E
08019f8c	8	sub_8019F8C
08013754	8	SetBattleNaviStatsByte_AllianceFromBattleObject
08010f68	8	nullsub_42
0801086c	8	sub_801086C
0800f420	8	sub_800F420
0802d278	7	GetBattlePanelColumnPatternFromBattleSettings
0802d26a	7	GetBattlePanelColumnPattern
0801e022	7	sub_801E022
0801db78	7	sub_801DB78
0800ffe4	7	SetAIData_Unk_44_Flag
08006270	7	SetScreenFade
08003320	7	object_spawnType1
08000b8e	7	QueueGFXTransfersInList
080008b4	7	ZeroFillByByte
080e1662	6	sub_80E1662
0802fe6a	6	sub_802FE6A
0802fe48	6	sub_802FE48
0801e10e	6	sub_801E10E
0801df92	6	sub_801DF92
0801011a	6	sub_801011A
0800a2e4	6	battle_clearFlags
08003490	6	InitializeStructsOfObjectType
08003428	6	UpdateBattleObjectLinkedList
08001532	6	GetPositiveSignedRNG2
08001382	6	sub_8001382
080eb194	5	sub_80EB194
080287d2	5	sub_80287D2
0802869e	5	sub_802869E
0801dc36	5	sub_801DC36
0801dc06	5	sub_801DC06
08018856	5	sub_8018856
080159c6	5	sub_80159C6
081209dc	4	sub_81209DC
080f02a2	4	sub_80F02A2
080eb1c4	4	sub_80EB1C4
080e0f02	4	sub_80E0F02
080e0e10	4	sub_80E0E10
0802f130	4	ClearEventFlag
0802f12c	4	ClearEventFlagFromImmediate
0802dfc8	4	sub_802DFC8
0802dcec	4	sub_802DCEC
0802a5a0	4	sub_802A5A0
0802a40c	4	sub_802A40C
0802a0ec	4	sub_802A0EC
08029f70	4	sub_8029F70
080286d4	4	sub_80286D4
08028034	4	sub_8028034
08027d78	4	sub_8027D78
080200a4	4	sub_80200A4
0801e838	4	sub_801E838
0801e828	4	sub_801E828
0801e792	4	sub_801E792
0801e748	4	sub_801E748
0801e73c	4	sub_801E73C
0801ded0	4	sub_801DED0
0801ddf6	4	sub_801DDF6
0801db84	4	sub_801DB84
0801cefa	4	sub_801CEFA
0801c9c8	4	sub_801C9C8
0801a07c	4	object_setCollisionRegion
08019f86	4	sub_8019F86
080172f0	4	sub_80172F0
08015c2c	4	sub_8015C2C
08015b22	4	sub_8015B22
080159a2	4	sub_80159A2
080145b4	4	nullsub_51
08014536	4	sub_8014536
080144c0	4	sub_80144C0
080142c2	4	sub_80142C2
080142b0	4	sub_80142B0
080141f4	4	sub_80141F4
080141c8	4	sub_80141C8
08013ff8	4	sub_8013FF8
08013ec0	4	nullsub_45
08013e58	4	sub_8013E58
0801390c	4	sub_801390C
08013892	4	sub_8013892
08011714	4	object_exitAttackState
08011268	4	sub_8011268
08010dda	4	sub_8010DDA
08010dd0	4	sub_8010DD0
0800feec	4	sub_800FEEC
0800f378	4	sub_800F378
0800f35c	4	sub_800F35C
0800ed2c	4	object_createAIData
0800c84a	4	sub_800C84A
0800b460	4	sub_800B460
080077d2	4	sub_80077D2
08007778	4	sub_8007778
0800753c	4	sub_800753C
080073cc	4	sub_80073CC
0800318c	4	sub_800318C
08002f2c	4	sprite_clearMosaic
08002e3c	4	sprite_hasShadow
0800098c	4	WordFill
08000964	4	ByteFill
08000784	4	musicGameState_8000784
08000642	4	sub_8000642
0814d8c4	3	SWI_LZ77UnCompReadNormalWrite8bit
080eb128	3	sub_80EB128
080e5d3e	3	sub_80E5D3E
080e5d12	3	sub_80E5D12
080e5c4c	3	sub_80E5C4C
080b8e30	3	sub_80B8E30
080b8cf8	3	sub_80B8CF8
08021d14	3	sub_8021D14
0801e0dc	3	sub_801E0DC
0801dfea	3	sub_801DFEA
0801bb46	3	object_removePanelReserve
0801486c	3	sub_801486C
08012c7c	3	sub_8012C7C
08012c4a	3	sub_8012C4A
08012c34	3	sub_8012C34
08012a38	3	sub_8012A38
080127c0	3	sub_80127C0
080126e4	3	sub_80126E4
08011688	3	object_setAttack2
08010d58	3	sub_8010D58
08010740	3	sub_8010740
080106c0	3	sub_80106C0
0800fdb6	3	object_setDefaultCounterTime
0800fc7c	3	sub_800FC7C
0800edd0	3	sub_800EDD0
0800e9dc	3	object_setCounterTime
0800b79a	3	sub_800B79A
0800a9f6	3	battle_clearEnemyFadeinList
0800a028	3	PauseBattle
080062ec	3	sub_80062EC
080062d6	3	sub_80062D6
080062d0	3	sub_80062D0
08002cce	3	sprite_disableAlpha
0800092a	3	CopyHalfwords
08000672	3	sound_8000672
0800065a	3	sub_800065A
080005d4	3	PlayMusic
0800024c	3	SetInterruptCallback
03005dd4	3	_SetInterruptCallback
081440d8	2	sub_81440D8
0813bf1c	2	sub_813BF1C
080e06f8	2	sub_80E06F8
080e0654	2	sub_80E0654
080e05f6	2	SpawnT4BattleObjectWithId0
080e0568	2	sub_80E0568
080aed50	2	sub_80AED50
080aab88	2	sub_80AAB88
080aa88c	2	sub_80AA88C
0803dd60	2	sub_803DD60
0803dce8	2	sub_803DCE8
0803d0f4	2	sub_803D0F4
080303e8	2	sub_80303E8
08030336	2	sub_8030336
080302d0	2	sub_80302D0
080301b2	2	camera_writeUnk03_14_80301b2
0802ff4c	2	camera_802FF4C
0802e112	2	sub_802E112
0802d08c	2	sub_802D08C
0802d064	2	sub_802D064
0802a646	2	sub_802A646
0802a5da	2	sub_802A5DA
0802a4fc	2	sub_802A4FC
0802a49c	2	sub_802A49C
0802a3cc	2	sub_802A3CC
0802a210	2	sub_802A210
0802a0f8	2	sub_802A0F8
0802a034	2	sub_802A034
08029fb4	2	sub_8029FB4
08029ef8	2	sub_8029EF8
08029ec8	2	sub_8029EC8
08029d80	2	sub_8029D80
08029520	2	sub_8029520
0802945a	2	sub_802945A
080293f8	2	sub_80293F8
08029224	2	sub_8029224
08029110	2	sub_8029110
08028d3a	2	sub_8028D3A
08028172	2	sub_8028172
08028164	2	sub_8028164
0802812c	2	sub_802812C
0802811c	2	sub_802811C
080280e0	2	sub_80280E0
080280a2	2	sub_80280A2
0802806c	2	sub_802806C
08028050	2	sub_8028050
08027f42	2	sub_8027F42
08027f10	2	sub_8027F10
08027ee8	2	sub_8027EE8
08027e90	2	sub_8027E90
08027e2c	2	sub_8027E2C
08027d58	2	sub_8027D58
08026a6c	2	sub_8026A6C
08026a50	2	sub_8026A50
08026840	2	sub_8026840
0801fe64	2	sub_801FE64
0801fe24	2	sub_801FE24
0801e5f8	2	sub_801E5F8
0801e5ec	2	sub_801E5EC
0801e5e0	2	sub_801E5E0
0801e574	2	sub_801E574
0801e4f4	2	sub_801E4F4
0801e4b0	2	sub_801E4B0
0801e474	2	sub_801E474
0801e468	2	sub_801E468
0801e44c	2	sub_801E44C
0801e0bc	2	sub_801E0BC
0801df8c	2	sub_801DF8C
0801ddd8	2	sub_801DDD8
0801dc7c	2	sub_801DC7C
0801da24	2	sub_801DA24
0801be70	2	sub_801BE70
0801a04c	2	object_updateCollisionPanels
08019fa4	2	sub_8019FA4
0801986c	2	sub_801986C
08017888	2	sub_8017888
08015a38	2	sub_8015A38
08015940	2	sub_8015940
08014a00	2	sub_8014A00
08014944	2	sub_8014944
080147e4	2	sub_80147E4
08014178	2	sub_8014178
0801401e	2	sub_801401E
08013438	2	initNaviStats_WithDefaultStatsMaybe_8013438
08013422	2	sub_8013422
08011680	2	object_setAttack0
08010d20	2	sub_8010D20
0800ec56	2	sub_800EC56
0800e994	2	sub_800E994
0800e29c	2	object_setCoordinatesFromPanels
0800c918	2	sub_800C918
0800c8f0	2	sub_800C8F0
0800c6d6	2	sub_800C6D6
0800c67c	2	sub_800C67C
0800c4bc	2	sub_800C4BC
0800bf88	2	sub_800BF88
0800b6b6	2	eStruct200A008_setUnk00
0800b6aa	2	eStruct200A008_setBattleResult
0800b3d8	2	sub_800B3D8
0800b3a2	2	sub_800B3A2
0800b2d8	2	battle_copyStructsIncludingBattleStats_800b2d8
0800b144	2	sub_800B144
0800ab3a	2	sub_800AB3A
0800aa64	2	sub_800AA64
0800aa40	2	sub_800AA40
0800aa1a	2	sub_800AA1A
0800aa06	2	sub_800AA06
0800a9d6	2	sub_800A9D6
0800a9ca	2	sub_800A9CA
0800a998	2	sub_800A998
0800a964	2	sub_800A964
0800a840	2	setTwoStructs_800A840
0800a7a6	2	sub_800A7A6
0800a570	2	sub_800A570
0800a506	2	sub_800A506
0800a4e0	2	sub_800A4E0
0800a3e4	2	sub_800A3E4
0800a0c6	2	sub_800A0C6
0800927c	2	sub_800927C
080084c0	2	sub_80084C0
08007ca0	2	sub_8007CA0
08007a0c	2	sub_8007A0C
080079f0	2	sub_80079F0
080079a8	2	sub_80079A8
0800799c	2	sub_800799C
0800794c	2	sub_800794C
08007368	2	sub_8007368
08007358	2	sub_8007358
08007338	2	sub_8007338
08006fd0	2	encryption_bugfrags_8006fd0
080035a2	2	FreeAllObjectsOfSpecifiedTypes
08003552	2	InitializeT4BattleObjectStructs
08003548	2	InitializeT3BattleObjectStructs
0800353e	2	InitializeT1BattleObjectStructs
080028d4	2	initUncompSpriteState_80028d4
08002668	2	sub_8002668
080023a8	2	sub_80023A8
08001afc	2	zeroFill_e20094C0
08001974	2	SetDummyBGScrollCallbacks
08001778	2	SetRenderInfoLCDControl
08000d12	2	sub_8000D12
0800096c	2	HalfwordFill
08000920	2	CopyBytes
030078c8	2	sub_30078C8
0814d8c0	1	SWI_LZ77UnCompReadNormalWrite16bit
080eb088	1	sub_80EB088
080c4c3a	1	sub_80C4C3A
08081308	1	sub_8081308
08080da0	1	sub_8080DA0
08080d90	1	sub_8080D90
08045f60	1	chatbox_8045F60
08045f1c	1	chatbox_set_eFlags2009F38
08040920	1	chatbox_setflags_3e
08040384	1	chatbox_runScript
0803ebf4	1	eStruct200BC30_getRef
0803dda4	1	sub_803DDA4
08035424	1	sub_8035424
0803537c	1	sub_803537C
080304e8	1	LoadBGAnimData
080302b6	1	sub_80302B6
0802ff2c	1	cleareMemory_802FF2C
0802fdb4	1	loc_802FDB4
0802ef5c	1	sub_802EF5C
0802e544	1	sub_802E544
0802dffc	1	sub_802DFFC
0802d2b2	1	battleSettings_802D2B2
0802d2ac	1	battleSettings_setBackground
0802d2a6	1	battleSettings_setUnkOptSettings
0802d2a0	1	battleSettings_getUnkOptSettings
0802d280	1	copyBattleSettingsTo_200AF60
0802d27c	1	getBattleSettings_200AF60
0802ce54	1	sub_802CE54
0802cdd0	1	sub_802CDD0
0802a11c	1	sub_802A11C
0802a040	1	sub_802A040
08029344	1	sub_8029344
08028d6c	1	sub_8028D6C
0802871c	1	sub_802871C
08027796	1	sub_8027796
0802774c	1	sub_802774C
08027738	1	sub_8027738
08021d08	1	sub_8021D08
08020134	1	eStruct2038160_clearStruct
0801fe00	1	sub_801FE00
0801e724	1	sub_801E724
0801e660	1	sub_801E660
0801e0c8	1	sub_801E0C8
0801db6c	1	sub_801DB6C
0801db54	1	sub_801DB54
0801be04	1	sub_801BE04
0801bcd0	1	sub_801BCD0
0801bb78	1	sub_801BB78
0801bb1c	1	object_reservePanel
0801a7f4	1	sub_801A7F4
0801a5e2	1	sub_801A5E2
0801746e	1	sub_801746E
0801741c	1	sub_801741C
0801597c	1	sub_801597C
0801596e	1	sub_801596E
0801595e	1	sub_801595E
08015952	1	sub_8015952
080158fa	1	sub_80158FA
08014d08	1	sub_8014D08
08014a38	1	sub_8014A38
0801482c	1	sub_801482C
08014040	1	sub_8014040
08013fae	1	sub_8013FAE
08013cc4	1	sub_8013CC4
080136d8	1	GetBattleNaviStatsSignedByte
080116ae	1	sub_80116AE
08011690	1	object_setAttack4
080111b8	1	sub_80111B8
0801102a	1	sub_801102A
08011020	1	sub_8011020
080103a8	1	sub_80103A8
08010332	1	sub_8010332
080101c4	1	sub_80101C4
0800f9de	1	sub_800F9DE
0800f964	1	sub_800F964
0800f46c	1	sub_800F46C
0800f2c6	1	sub_800F2C6
0800ed00	1	sub_800ED00
0800e618	1	sub_800E618
0800e5e2	1	object_canMove
0800cc86	1	object_checkPanelParameters
0800c8f8	1	object_getPanelParameters
0800bf66	1	sub_800BF66
0800b75a	1	sub_800B75A
0800b6f2	1	sub_800B6F2
0800b6e6	1	eStruct200A008_setUnk03
0800b6da	1	eStruct200A008_setUnk06
0800b6ce	1	eStruct200A008_setUnk04
0800b6c2	1	eStruct200A008_setUnk02
0800af84	1	sub_800AF84
0800af50	1	sub_800AF50
0800ac20	1	sub_800AC20
0800ab70	1	sub_800AB70
0800ab46	1	sub_800AB46
0800a954	1	sub_800A954
0800a8d4	1	sub_800A8D4
0800a892	1	sub_800A892
0800a79c	1	sub_800A79C
0800a728	1	getBattleSettingsFromList1
0800a704	1	sub_800A704
0800a2f8	1	sub_800A2F8
0800a11c	1	sub_800A11C
0800a104	1	sub_800A104
08007eb8	1	sub_8007EB8
08007628	1	sub_8007628
080075ca	1	sub_80075CA
08007204	1	loc_8007204
080071a4	1	clear_flags32_20093A4
0800719a	1	set_flags32_20093A4
08006bc0	1	SetPrimaryToolkitPointers
08005f78	1	sub_8005F78
08005f40	1	sub_8005F40
08002bcc	1	sub_8002BCC
08002b30	1	sprite_decompress
080027d4	1	sub_80027D4
080024a2	1	zeroFill_80024A2
08002368	1	zeroFill_e20097A0
08002354	1	LoadGFXAnims
08001c44	1	sub_8001C44
08001b1c	1	LoadGFXAnim
0800195c	1	SetBGScrollCallbacks
0800182e	1	zeroFill_e200F3A0
08001820	1	zeroFill_e2009740
080017e0	1	ZeroFill_byte_3001960
080017aa	1	zeroFillVRAM
080017a0	1	renderInfo_80017A0
08001788	1	renderInfo_8001788
08001780	1	GetRenderInfoLCDControl
080013a2	1	sub_80013A2
08000de0	1	sub_8000DE0
08000d84	1	sub_8000D84
